/*
 Navicat Premium Data Transfer

 Source Server         : 自己的
 Source Server Type    : MySQL
 Source Server Version : 50725
 Source Host           : localhost:3306
 Source Schema         : layui-cms

 Target Server Type    : MySQL
 Target Server Version : 50725
 File Encoding         : 65001

 Date: 04/09/2020 16:01:22
*/

SET NAMES utf8mb4;
SET FOREIGN_KEY_CHECKS = 0;

-- ----------------------------
-- Table structure for act_evt_log
-- ----------------------------
DROP TABLE IF EXISTS `act_evt_log`;
CREATE TABLE `act_evt_log`  (
  `LOG_NR_` bigint(20) NOT NULL AUTO_INCREMENT,
  `TYPE_` varchar(64) CHARACTER SET utf8 COLLATE utf8_bin DEFAULT NULL,
  `PROC_DEF_ID_` varchar(64) CHARACTER SET utf8 COLLATE utf8_bin DEFAULT NULL,
  `PROC_INST_ID_` varchar(64) CHARACTER SET utf8 COLLATE utf8_bin DEFAULT NULL,
  `EXECUTION_ID_` varchar(64) CHARACTER SET utf8 COLLATE utf8_bin DEFAULT NULL,
  `TASK_ID_` varchar(64) CHARACTER SET utf8 COLLATE utf8_bin DEFAULT NULL,
  `TIME_STAMP_` timestamp(0) NOT NULL DEFAULT CURRENT_TIMESTAMP ON UPDATE CURRENT_TIMESTAMP(0),
  `USER_ID_` varchar(255) CHARACTER SET utf8 COLLATE utf8_bin DEFAULT NULL,
  `DATA_` longblob,
  `LOCK_OWNER_` varchar(255) CHARACTER SET utf8 COLLATE utf8_bin DEFAULT NULL,
  `LOCK_TIME_` timestamp(0) DEFAULT NULL,
  `IS_PROCESSED_` tinyint(4) DEFAULT 0,
  PRIMARY KEY (`LOG_NR_`) USING BTREE
) ENGINE = InnoDB AUTO_INCREMENT = 1 CHARACTER SET = utf8 COLLATE = utf8_bin ROW_FORMAT = Dynamic;

-- ----------------------------
-- Table structure for act_ge_bytearray
-- ----------------------------
DROP TABLE IF EXISTS `act_ge_bytearray`;
CREATE TABLE `act_ge_bytearray`  (
  `ID_` varchar(64) CHARACTER SET utf8 COLLATE utf8_bin NOT NULL DEFAULT '',
  `REV_` int(11) DEFAULT NULL,
  `NAME_` varchar(255) CHARACTER SET utf8 COLLATE utf8_bin DEFAULT NULL,
  `DEPLOYMENT_ID_` varchar(64) CHARACTER SET utf8 COLLATE utf8_bin DEFAULT NULL,
  `BYTES_` longblob,
  `GENERATED_` tinyint(4) DEFAULT NULL,
  PRIMARY KEY (`ID_`) USING BTREE,
  INDEX `ACT_FK_BYTEARR_DEPL`(`DEPLOYMENT_ID_`) USING BTREE,
  CONSTRAINT `ACT_FK_BYTEARR_DEPL` FOREIGN KEY (`DEPLOYMENT_ID_`) REFERENCES `act_re_deployment` (`ID_`) ON DELETE RESTRICT ON UPDATE RESTRICT
) ENGINE = InnoDB CHARACTER SET = utf8 COLLATE = utf8_bin ROW_FORMAT = Dynamic;

-- ----------------------------
-- Records of act_ge_bytearray
-- ----------------------------
INSERT INTO `act_ge_bytearray` VALUES ('2', 1, 'Leavebill.bpmn', '1', 0x3C3F786D6C2076657273696F6E3D22312E302220656E636F64696E673D225554462D38223F3E0A3C646566696E6974696F6E7320786D6C6E733D22687474703A2F2F7777772E6F6D672E6F72672F737065632F42504D4E2F32303130303532342F4D4F44454C2220786D6C6E733A7873693D22687474703A2F2F7777772E77332E6F72672F323030312F584D4C536368656D612D696E7374616E63652220786D6C6E733A7873643D22687474703A2F2F7777772E77332E6F72672F323030312F584D4C536368656D612220786D6C6E733A61637469766974693D22687474703A2F2F61637469766974692E6F72672F62706D6E2220786D6C6E733A62706D6E64693D22687474703A2F2F7777772E6F6D672E6F72672F737065632F42504D4E2F32303130303532342F44492220786D6C6E733A6F6D6764633D22687474703A2F2F7777772E6F6D672E6F72672F737065632F44442F32303130303532342F44432220786D6C6E733A6F6D6764693D22687474703A2F2F7777772E6F6D672E6F72672F737065632F44442F32303130303532342F44492220747970654C616E67756167653D22687474703A2F2F7777772E77332E6F72672F323030312F584D4C536368656D61222065787072657373696F6E4C616E67756167653D22687474703A2F2F7777772E77332E6F72672F313939392F585061746822207461726765744E616D6573706163653D22687474703A2F2F7777772E61637469766974692E6F72672F74657374223E0A20203C70726F636573732069643D224C6561766562696C6C22206E616D653D224C6561766562696C6C2220697345786563757461626C653D2274727565223E0A202020203C73746172744576656E742069643D2273746172746576656E743122206E616D653D225374617274223E3C2F73746172744576656E743E0A202020203C656E644576656E742069643D22656E646576656E743122206E616D653D22456E64223E3C2F656E644576656E743E0A202020203C757365725461736B2069643D22757365727461736B3122206E616D653D22E68F90E4BAA4E794B3E8AFB7222061637469766974693A61737369676E65653D22237B757365726E616D657D223E3C2F757365725461736B3E0A202020203C757365725461736B2069643D22757365727461736B3222206E616D653D22E5AEA1E689B9E38090E4B88AE7BAA7E9A286E5AFBCE38091223E0A2020202020203C657874656E73696F6E456C656D656E74733E0A20202020202020203C61637469766974693A7461736B4C697374656E6572206576656E743D226372656174652220636C6173733D22636F6D2E7378742E7379732E6C697374656E65722E5461736B4C697374656E6572496D706C223E3C2F61637469766974693A7461736B4C697374656E65723E0A2020202020203C2F657874656E73696F6E456C656D656E74733E0A202020203C2F757365725461736B3E0A202020203C757365725461736B2069643D22757365727461736B3322206E616D653D22E5AEA1E689B9E38090E4B88AE4B88AE7BAA7E9A286E5AFBCE38091223E0A2020202020203C657874656E73696F6E456C656D656E74733E0A20202020202020203C61637469766974693A7461736B4C697374656E6572206576656E743D226372656174652220636C6173733D22636F6D2E7378742E7379732E6C697374656E65722E5461736B4C697374656E6572496D706C223E3C2F61637469766974693A7461736B4C697374656E65723E0A2020202020203C2F657874656E73696F6E456C656D656E74733E0A202020203C2F757365725461736B3E0A202020203C73657175656E6365466C6F772069643D22666C6F77312220736F757263655265663D2273746172746576656E743122207461726765745265663D22757365727461736B31223E3C2F73657175656E6365466C6F773E0A202020203C73657175656E6365466C6F772069643D22666C6F773222206E616D653D22E68F90E4BAA42220736F757263655265663D22757365727461736B3122207461726765745265663D22757365727461736B32223E0A2020202020203C636F6E646974696F6E45787072657373696F6E207873693A747970653D2274466F726D616C45787072657373696F6E223E3C215B43444154415B247B6F7574636F6D653D3D27E68F90E4BAA4277D5D5D3E3C2F636F6E646974696F6E45787072657373696F6E3E0A202020203C2F73657175656E6365466C6F773E0A202020203C73657175656E6365466C6F772069643D22666C6F773322206E616D653D22E5908CE6848F2220736F757263655265663D22757365727461736B3222207461726765745265663D22757365727461736B33223E0A2020202020203C636F6E646974696F6E45787072657373696F6E207873693A747970653D2274466F726D616C45787072657373696F6E223E3C215B43444154415B247B6F7574636F6D653D3D27E5908CE6848F277D5D5D3E3C2F636F6E646974696F6E45787072657373696F6E3E0A202020203C2F73657175656E6365466C6F773E0A202020203C73657175656E6365466C6F772069643D22666C6F773422206E616D653D22E5908CE6848F2220736F757263655265663D22757365727461736B3322207461726765745265663D22656E646576656E7431223E0A2020202020203C636F6E646974696F6E45787072657373696F6E207873693A747970653D2274466F726D616C45787072657373696F6E223E3C215B43444154415B247B6F7574636F6D653D3D27E5908CE6848F277D5D5D3E3C2F636F6E646974696F6E45787072657373696F6E3E0A202020203C2F73657175656E6365466C6F773E0A202020203C73657175656E6365466C6F772069643D22666C6F773522206E616D653D22E9A9B3E59B9E2220736F757263655265663D22757365727461736B3222207461726765745265663D22757365727461736B31223E0A2020202020203C636F6E646974696F6E45787072657373696F6E207873693A747970653D2274466F726D616C45787072657373696F6E223E3C215B43444154415B247B6F7574636F6D653D3D27E9A9B3E59B9E277D5D5D3E3C2F636F6E646974696F6E45787072657373696F6E3E0A202020203C2F73657175656E6365466C6F773E0A202020203C73657175656E6365466C6F772069643D22666C6F773622206E616D653D22E9A9B3E59B9E2220736F757263655265663D22757365727461736B3322207461726765745265663D22757365727461736B31223E0A2020202020203C636F6E646974696F6E45787072657373696F6E207873693A747970653D2274466F726D616C45787072657373696F6E223E3C215B43444154415B247B6F7574636F6D653D3D27E9A9B3E59B9E277D5D5D3E3C2F636F6E646974696F6E45787072657373696F6E3E0A202020203C2F73657175656E6365466C6F773E0A202020203C73657175656E6365466C6F772069643D22666C6F773722206E616D653D22E694BEE5BC832220736F757263655265663D22757365727461736B3122207461726765745265663D22656E646576656E7431223E0A2020202020203C636F6E646974696F6E45787072657373696F6E207873693A747970653D2274466F726D616C45787072657373696F6E223E3C215B43444154415B247B6F7574636F6D653D3D27E694BEE5BC83277D5D5D3E3C2F636F6E646974696F6E45787072657373696F6E3E0A202020203C2F73657175656E6365466C6F773E0A20203C2F70726F636573733E0A20203C62706D6E64693A42504D4E4469616772616D2069643D2242504D4E4469616772616D5F4C6561766562696C6C223E0A202020203C62706D6E64693A42504D4E506C616E652062706D6E456C656D656E743D224C6561766562696C6C222069643D2242504D4E506C616E655F4C6561766562696C6C223E0A2020202020203C62706D6E64693A42504D4E53686170652062706D6E456C656D656E743D2273746172746576656E7431222069643D2242504D4E53686170655F73746172746576656E7431223E0A20202020202020203C6F6D6764633A426F756E6473206865696768743D2233352E30222077696474683D2233352E302220783D223231302E302220793D2233302E30223E3C2F6F6D6764633A426F756E64733E0A2020202020203C2F62706D6E64693A42504D4E53686170653E0A2020202020203C62706D6E64693A42504D4E53686170652062706D6E456C656D656E743D22656E646576656E7431222069643D2242504D4E53686170655F656E646576656E7431223E0A20202020202020203C6F6D6764633A426F756E6473206865696768743D2233352E30222077696474683D2233352E302220783D223231302E302220793D223335302E30223E3C2F6F6D6764633A426F756E64733E0A2020202020203C2F62706D6E64693A42504D4E53686170653E0A2020202020203C62706D6E64693A42504D4E53686170652062706D6E456C656D656E743D22757365727461736B31222069643D2242504D4E53686170655F757365727461736B31223E0A20202020202020203C6F6D6764633A426F756E6473206865696768743D2235352E30222077696474683D223130352E302220783D223137352E302220793D2239302E30223E3C2F6F6D6764633A426F756E64733E0A2020202020203C2F62706D6E64693A42504D4E53686170653E0A2020202020203C62706D6E64693A42504D4E53686170652062706D6E456C656D656E743D22757365727461736B32222069643D2242504D4E53686170655F757365727461736B32223E0A20202020202020203C6F6D6764633A426F756E6473206865696768743D2235352E30222077696474683D223130352E302220783D223137352E302220793D223137302E30223E3C2F6F6D6764633A426F756E64733E0A2020202020203C2F62706D6E64693A42504D4E53686170653E0A2020202020203C62706D6E64693A42504D4E53686170652062706D6E456C656D656E743D22757365727461736B33222069643D2242504D4E53686170655F757365727461736B33223E0A20202020202020203C6F6D6764633A426F756E6473206865696768743D2236312E30222077696474683D223133312E302220783D223136322E302220793D223236302E30223E3C2F6F6D6764633A426F756E64733E0A2020202020203C2F62706D6E64693A42504D4E53686170653E0A2020202020203C62706D6E64693A42504D4E456467652062706D6E456C656D656E743D22666C6F7731222069643D2242504D4E456467655F666C6F7731223E0A20202020202020203C6F6D6764693A776179706F696E7420783D223232372E302220793D2236352E30223E3C2F6F6D6764693A776179706F696E743E0A20202020202020203C6F6D6764693A776179706F696E7420783D223232372E302220793D2239302E30223E3C2F6F6D6764693A776179706F696E743E0A2020202020203C2F62706D6E64693A42504D4E456467653E0A2020202020203C62706D6E64693A42504D4E456467652062706D6E456C656D656E743D22666C6F7732222069643D2242504D4E456467655F666C6F7732223E0A20202020202020203C6F6D6764693A776179706F696E7420783D223232372E302220793D223134352E30223E3C2F6F6D6764693A776179706F696E743E0A20202020202020203C6F6D6764693A776179706F696E7420783D223232372E302220793D223137302E30223E3C2F6F6D6764693A776179706F696E743E0A20202020202020203C62706D6E64693A42504D4E4C6162656C3E0A202020202020202020203C6F6D6764633A426F756E6473206865696768743D2231342E30222077696474683D223130302E302220783D223230302E302220793D223134392E30223E3C2F6F6D6764633A426F756E64733E0A20202020202020203C2F62706D6E64693A42504D4E4C6162656C3E0A2020202020203C2F62706D6E64693A42504D4E456467653E0A2020202020203C62706D6E64693A42504D4E456467652062706D6E456C656D656E743D22666C6F7733222069643D2242504D4E456467655F666C6F7733223E0A20202020202020203C6F6D6764693A776179706F696E7420783D223232372E302220793D223232352E30223E3C2F6F6D6764693A776179706F696E743E0A20202020202020203C6F6D6764693A776179706F696E7420783D223232372E302220793D223236302E30223E3C2F6F6D6764693A776179706F696E743E0A20202020202020203C62706D6E64693A42504D4E4C6162656C3E0A202020202020202020203C6F6D6764633A426F756E6473206865696768743D2231342E30222077696474683D223130302E302220783D223139332E302220793D223232392E30223E3C2F6F6D6764633A426F756E64733E0A20202020202020203C2F62706D6E64693A42504D4E4C6162656C3E0A2020202020203C2F62706D6E64693A42504D4E456467653E0A2020202020203C62706D6E64693A42504D4E456467652062706D6E456C656D656E743D22666C6F7734222069643D2242504D4E456467655F666C6F7734223E0A20202020202020203C6F6D6764693A776179706F696E7420783D223232372E302220793D223332312E30223E3C2F6F6D6764693A776179706F696E743E0A20202020202020203C6F6D6764693A776179706F696E7420783D223232372E302220793D223335302E30223E3C2F6F6D6764693A776179706F696E743E0A20202020202020203C62706D6E64693A42504D4E4C6162656C3E0A202020202020202020203C6F6D6764633A426F756E6473206865696768743D2231342E30222077696474683D223130302E302220783D223139332E302220793D223333312E30223E3C2F6F6D6764633A426F756E64733E0A20202020202020203C2F62706D6E64693A42504D4E4C6162656C3E0A2020202020203C2F62706D6E64693A42504D4E456467653E0A2020202020203C62706D6E64693A42504D4E456467652062706D6E456C656D656E743D22666C6F7735222069643D2242504D4E456467655F666C6F7735223E0A20202020202020203C6F6D6764693A776179706F696E7420783D223238302E302220793D223139372E30223E3C2F6F6D6764693A776179706F696E743E0A20202020202020203C6F6D6764693A776179706F696E7420783D223334392E302220793D223139372E30223E3C2F6F6D6764693A776179706F696E743E0A20202020202020203C6F6D6764693A776179706F696E7420783D223334392E302220793D223131372E30223E3C2F6F6D6764693A776179706F696E743E0A20202020202020203C6F6D6764693A776179706F696E7420783D223238302E302220793D223131372E30223E3C2F6F6D6764693A776179706F696E743E0A20202020202020203C62706D6E64693A42504D4E4C6162656C3E0A202020202020202020203C6F6D6764633A426F756E6473206865696768743D2231342E30222077696474683D223130302E302220783D223331392E302220793D223135372E30223E3C2F6F6D6764633A426F756E64733E0A20202020202020203C2F62706D6E64693A42504D4E4C6162656C3E0A2020202020203C2F62706D6E64693A42504D4E456467653E0A2020202020203C62706D6E64693A42504D4E456467652062706D6E456C656D656E743D22666C6F7736222069643D2242504D4E456467655F666C6F7736223E0A20202020202020203C6F6D6764693A776179706F696E7420783D223136322E302220793D223239302E30223E3C2F6F6D6764693A776179706F696E743E0A20202020202020203C6F6D6764693A776179706F696E7420783D223131372E302220793D223238392E30223E3C2F6F6D6764693A776179706F696E743E0A20202020202020203C6F6D6764693A776179706F696E7420783D223131372E302220793D223139352E30223E3C2F6F6D6764693A776179706F696E743E0A20202020202020203C6F6D6764693A776179706F696E7420783D223131372E302220793D223131372E30223E3C2F6F6D6764693A776179706F696E743E0A20202020202020203C6F6D6764693A776179706F696E7420783D223137352E302220793D223131372E30223E3C2F6F6D6764693A776179706F696E743E0A20202020202020203C62706D6E64693A42504D4E4C6162656C3E0A202020202020202020203C6F6D6764633A426F756E6473206865696768743D2231342E30222077696474683D223130302E302220783D2239312E302220793D223230312E30223E3C2F6F6D6764633A426F756E64733E0A20202020202020203C2F62706D6E64693A42504D4E4C6162656C3E0A2020202020203C2F62706D6E64693A42504D4E456467653E0A2020202020203C62706D6E64693A42504D4E456467652062706D6E456C656D656E743D22666C6F7737222069643D2242504D4E456467655F666C6F7737223E0A20202020202020203C6F6D6764693A776179706F696E7420783D223137352E302220793D223131372E30223E3C2F6F6D6764693A776179706F696E743E0A20202020202020203C6F6D6764693A776179706F696E7420783D2235342E302220793D223131372E30223E3C2F6F6D6764693A776179706F696E743E0A20202020202020203C6F6D6764693A776179706F696E7420783D2235342E302220793D223336372E30223E3C2F6F6D6764693A776179706F696E743E0A20202020202020203C6F6D6764693A776179706F696E7420783D223231302E302220793D223336372E30223E3C2F6F6D6764693A776179706F696E743E0A20202020202020203C62706D6E64693A42504D4E4C6162656C3E0A202020202020202020203C6F6D6764633A426F756E6473206865696768743D2231342E30222077696474683D223130302E302220783D2233312E302220793D223233302E30223E3C2F6F6D6764633A426F756E64733E0A20202020202020203C2F62706D6E64693A42504D4E4C6162656C3E0A2020202020203C2F62706D6E64693A42504D4E456467653E0A202020203C2F62706D6E64693A42504D4E506C616E653E0A20203C2F62706D6E64693A42504D4E4469616772616D3E0A3C2F646566696E6974696F6E733E, 0);
INSERT INTO `act_ge_bytearray` VALUES ('3', 1, 'Leavebill.png', '1', 0x504E470D0A1A0A0000000D494844520000026E00000108020000004D353600002E49444154787D6C5B7D7121672658100D6A6D681B762304445B6B5D346D25204B2068586A145B6C483C2C1B4C187DCA880D38144A0834C9B4263476D8964E186E4E387659254A3A2332707578CE977C40493E47123E050000677A0000004602001414001000003428050029442900004D214A0100680A510A0040535200004202001414001000003428050029442900004D214A0100680A510A0040535200004202001414001000003428050029442900004D214A0100680A510A004053520000420200141400100000342805002944292C384E2ADAB973672C16144657642E333D400010510A04D591190804741C1B7BE5BDAF14175E7CC787376EDC9848244C0F160052647A7A5A5F7A04D59139070E6E70383C3131617A007A1A510A5B5CD4972B68691D3E3269D3A6DBB73B637A0B002814141C1A1A1A1E1E2B444B1F7E5A5F6659D39B021711304CC68D1B64393EDFABD793644C6F1043307D3D7C4F345E001D46C2A466D7AD6763025B5218333D3D1D0E5B7A766D7A0010141C3D7C64517A0E342F214A61462A622D623D4647474D6F225E41C28C4824524B48301D181830007A05510A03725C7F7F7F72581B366C34007A02510A0312443C1E6F6B3E6B0D051352187DDDBB77354A5F4A241231007A02510A03D1A8376F4E3E7D411B0A2710304D2F292B3357030D0513521830303070463E4E6F0040015067274E10000306064514401130201E671A0F1CDCB0610D05135218303A3A235F6B6BDEB6CBA63714404F204A61402609066D711B0A2710307F7974656A7F7F3F1C06406710307E4D6F225E410C7D180C06527D497A6C366B7A13010A14246E147444294C2F7E716C164E587E303565007A08510A72DC860D1B5A4717DEBF73D3A6370B406F214A61583A691CD7B8CFBF0D027352373D3D261F383A51004610422EDBB469633D2F2E0A2B335753674D6F041E451628E79E90461D7E723C7FE491AF00363D7C00285D1D3B5F49591F576E6C4C26637A007A1D510A1B2B542A15D7AF5F772B156432CB991E26002C214A2155430052C8A0474D0F01003D410614684F2805602D1364204A015804195200D6A23D410614684F2805602D1364204A015804195200D6A23D410614684F2805602D1364204A015804195200D6A23D410614684F2805602D134C2675060270386F0C0C0C7771473A363D340058465E3D5C5FCD9B375229430365442938CE9A356B4A7374DDBA7534CB991E1A002C234A61471F7D74D5AA556E3EC3A6070500204A616B167374D6AD60505F1E1100DC8228DBB77A6A1D68DF920210510A016C525203012A520866751A180076224A21036F005A2778711C274C0E0D0D45226030582A1E5D582C482478290E3244296A1A1F1F117374CF9E3D2F7B7C374B6F03636363DBB66D440703224429175E787C7070ECB9B373392E7F4107396C02600514741F3E2C557F0D1B36643219D3870B79442942DEA02F6D0F170052627C7C7C70436F7C777A410360185165047333EB949F782B522C4B2412783C3F7FCDAD3F727B54373E522C6263723B4B2C59756C561D1F7D5F474B373F3F3A3235190E4D1F3A00261158160A4E385A2C7D394575795E5D53D7945F3E77DBAF6E37763ECEAA375451D58F7E7A70617A076B402060013028C5B22F144B0535C5A53F7E3F7F777E5257E5BCBA57395E3A5A214A677A785343021057D29F5E57170F17727F3E7D67096A10071C2B6F4F15510A385A00155A05757A7746E5959A0D734F5F47023B1E3A5A76DF9E2A1471002C2B654F776E277E76DA8FD0976E43475345023D166538CCB93F2E394B57176ED2BF1F6B1F506A66565D5D4365224A1E470B321D091F554C08397D6D3F783C333F786F561C75715630EAA1B2541140056059591C46366F7AED8DB70E1F4F4F4E0F4C0F1C3D793F3D33E681A36F4E1E3B795F3C677A48234A0118410B425E2A7E213F6F75275776C79E2A1471002C2B4445224A1E470B285D78520210177A28057A1C2D000A511E556F1140056059214ADFA52D14714C26334C6F15344B5B6357032644696F3979642B77795877D29644692ED29754CFBF49025D282D766D2E7A4F7FD3A5106C476B2E7B41C7923E576D51D9A370DD81407540363570017410517374732F0D6F071E110A514E3B5D73437A383F6F68E9BD974E7F7F366E180C064D1F70006D273B4A75004C4C4CDCB933725C5ECA832C2C6F476B703E47DBB74565CFBD79674E133D6573190C7409511334160502625F490E726B400F435F510F4ACFB52A7B7A5DD58A3C6E3B513D7D3E7F13701F3B0C1D387E673E687F7F3E54004569362D642D05181F10297650287C457F4C26770B79731DE5AEB922DEAA2F5676652B75555F4A777F38356B143C533AC59F003446583E07081B067F197D354870537C453BCF9A2B29C7B3657759716F5D6ED9A92F3E4F1F3B7B475A431548527D25C79E24124F26356C6A5C59045662645D76650C692A48613C777F6868480F4000446E4C07671B0152065FC89B33C8BC1E5A2BDEAE2DDEB407357D5A40696F7272400079C4B41B37CA9D52063776785C35402B555B67D0B52F140A5D4E325A402A624720412F28771B1E0F4017575D2D6EDBB269327D5A66C78E1D47010823054471D3A3681728771B551F66550A6B6C6D5A710F5DCBA4697D616A7A1430025A40361D1818303D061A7C216F4E6E69170B78DCB7EBB5965C6340D3873E021620094A065FC89B5354655173400400135B0B5116556F75590F161044273678285514162037370623617124556F75596632190D5017012D406A116F525F174D285533100049044C7E2716592F44692F786F123061446A592F441B5425287D5B0409237A561A7C20107E545D25287D5B0409237A561A7C30187C2C2E2A5947D98F22044C18D1B35A7F5E543F1B1F774B4764710226592D6B2323230F180F27594F2743625B3801134635753A4E586CED9FAC16304E113D0D7E354F5BEF86860F5A3B6F01044C18D1B35A1DC789443E37392F4A1D2BDDAB2F730F5A3B6F01044C18D1B35A74387C4F3A526A553A471C13133F307D42790B182460C28842073F39397464CF943A4A55562A542814032E425B140113463B78716713665F526A3BDBA1582C6F3E446D2405103061446AD1832626263F1A183E3934744E53D387400930675B5E69335B2E0226592D7A56614F76127B1B09237A561E55D893062260C288D5A2076F1564270830675B3D496D2E0226592D7A56614F76127B1B09237A561E7C2F7B55C7922B0A1D062260C288D5A207DFBC28621B2E5A0D45113D450F79572B25425503405D044C18D1B35AE1918BED939EDD9346083067374A7F17062260C288D5A2073C3FEF9DAC750A062260C288D5A2073C1A774B7C2BDA840D45113D450F195004735F6A114D0226592D7ACDABD2B21B6EC3AE780E0C1E1A0226592D7A78225C36097A772C7B1B09237A561E7C4469156932D4B70340381C370606063B234E7F627D33510A09237A561E7C502C7B761E4F6A3D5CE5B391376F4E5210CB950567042D512E510A344F113D450F3871D6AC5953D7AD5B4D735964554C2D517579007E083067471F5D6A1B0F3F41D9A55A5B6F7D030609237A561E25D6AE5D5BCC895B06417D6A7A44193C0B09237A561E25DBB77A6A2728254B666A225A044C18D1B35A65CB96621E756A5D5F784429560226592D7A667A4F1A186F571E3C56050F011346163D78273DCD914A17012260C288D5A2070A2F4749264343434824180C7A5F74317A0F6244220B2F137E021D2660C288D5A2073F3E3E23443D7B5EDEBB737C6F7607C6B66DDBA60E540744400930670B783C3E383878D9B91C555A17DEBF03556C366B40163045113D250E5E68381C333F5217DFB0614326317D42790B182460C2881207470B397A693E5C6D21050C123061446A711F1F1F1F1C373F507E1B5D307D5A4F790B2560C288D5B206384E30183C773E4E1F5F5E2A05133061446A594F2412783C3F7FCDAD3F727B54370E5B3801134635582C362FE8BD8354CC827A2B5E5566675FCBAFCEA975D4AB7F4D74430F6E7F78192353706B31592D6009237A561A7C28143A71687E6A672ECFAB4B73525F6ED58D597538D4BC4F152E4C605C1808044C1F1675020930677F7C7E7E587A16D2B7173EDDBF7A4A5D57525E7A6B28CD92752D024A113D650D1057D29F5E57170F17727F3E7D67096A10071C2B6F4F476D11560226592D6B383F74415DDE9D51796667437D7FF48E87A7DDB74A5108682B01134635421C5E76042A7D7A3A7C6BD7AEC8AA5F0E7D283D74643D551FDDB745405B09306717302C5D5E1E4A7E373E76577D7F744359756D76270FDDB74A515E51361D1818303D0A4012012D407435783D0F2A0E5E604E5F0F1ECFAC367F0FDE9B553A3D475D553A4C7A3D55324C3018343D0A4012012D407435386C1B6F1D3E4E1F4A1F387A6B7F7A7D5327670347DF9C3C765B787BDCBF7E4678341A353D0A4012012D407435425E2A7E213F6F75275776C79E2A594779453B0B4C0244400B10DDA7640D10177A4B515E241747014822055306140B532D0641714C0F0444400B10DDA7640D10177A4B51363A3A630ED3A30011024429592F447B5425287B283D7D616A7A2030025A3E256B287D641D650F783C481E052016204F1A7C214A542528323A3A7D76D3A300441202442959274A7B334A1DD7A32830012D407435426A1B7C653C5E204D1F0672397D311A0C06795E176816204F2969D7A35D5878582B2D581B554A167BD5B15A1F7AC5A12E69676262626464241610DDB163077F67043449400B10D7A74A1A7C21301776657325666F792E5B49E5A7B57F3E6F624863D1A31D1E1E4E5249077403014F541A3538577E6DCDA50B54DEA875170F54C5AA3E303C1E0117317D00240553065F086E795CD6942E5370CBAA167C4F6E780F7D3E7A6363367D00240553065F085F55E98AB74B6F6C1E2D5B771E3D5D466C013049400B30DBA74A1F6A62DEB8564D46695C743F1C640628054D400B642A6D65032807536F5E2130CEB8556937332B29D2BB5A53792F773E313E74004C1202294418285DCCB842326E5435542E714A3F565D49621E1B5575602B0E430724012D7D3568D5AF78CF92162A046E7EE28D9B535825545A7B6178575D03601660364A26680D575A10183F5A7E66DF9A4F753C501E1A2E0C7449D3870E49025A5A78DFA80A716A55CD8C295F247E7A3C541D4923D6BB4CC3A306D3870E49025A40D4A57C5CD6BA51531514556F3A005A4E400B30D5A77C4669696ED2B77A4B510672025A4054597A646A59424429510A01025A4027544B01293D4A17174F520C04004F1A571E4442495B3213023CC6A74A5315344D5B3213024429592F441B542528036839012D407435402070D7A94A510672025A3E256B607F78641D65002D270553061F46637C194838140A3E74004C12655119591F1919191E7E7838C9AA7F4A3C194D1F3A00260968D2A867325053D79DC38B38622D540360462F2BCA881B25176B0D0D454D1F34000968D2A83B137C6E725F3A46795736575F724D1F34000968D2A870743A3455743926267E607001304F40462E693A32674A1D2A2B7A2A140A4E4C7C026005015E681A151D3848E4B3895F672F293545724C602C16D1B74D1F220010E5A691123E786D6262221E5F7E071E7FD0BD3A4D4D1F16007611245B6E02462F3A440F2A490012D09E4450D1830A7B1204273D54C29E04602D0149740F153D782701584B407B1243450F2A49006A6F7B6C7F1E0DD6B74450D1836F06760B7B12DE9E3A77435D3D547E397C766E010034325957C2A27BC9864F393D270148491E69204D737F3C0400582B2D0D5454132E113D787C247D1B7E08003073515A7652752B153D545B5DD28700000B3D4AE6A29F50546A5600000B75E8AAB4282C07281440311C1E567D501CD1833D523E0F5F034724003A1D476F541C296A7C080030CB8A27785416D18328620F010066750D40594F514450D183330D0E7D03C89E0420241E55D89300253DEEA1A2076F1524006B09684F7B5B3D095A02DA931E2A7A56614F02241E55D89300253DEEA1A2076F1524006B09684F7B5B3D095A02DA931E2A7A56614F02241E7164524020100E013B48D3A6060004347A69247A3D736F79542A657A68004C401746076F386BD6AC29756B5C2E677A68004C401746076F471F7D74D5AA556E3EC3A607050010455B62DAB51CDDBA756B3018D49747040010455B62DFBE7D577B321A5B520016124563CB962D28353D100042401746076F6C3624016027015E741A1E55D89300253D0E71643239343414446037002762445700465F34EBA6AF7374CF9E3D2F7B7C6A736C6C6CDBB66D7A0F40357D0174696DD7974A787C7070ECB9B373397D750B3A50660F3B57655B1AC5AA1C0D3F7C077359330B6FD8B021C9983E00C8A2465F5569542F06470B397A644D7E074616355A4A7A337B4A6F37174F7A29005D6C691E490658327871670E5B7E1D0515DE9B2569184B064824787E5B7F051E1A5D370715DE9B2569184B061FC69E626D774A59506FD8AC3A3C333F2B3F397F397A516E7F7F0F771A235370002D682C495832502874C4B4662ECFAB4B73525F6ED58D597538D4BC4F152E4C477A2910083E110015DE9B2569184B06775747756D412E2C7D6B7E715F273DD4957975392E554E0E56D2AB546500046D0DC89217702D79755B705C2E13774F200A117BC8B1520D25270313304537204B065F2B6E2D45E982BA704D3B4ACE86EEB9A7237D7D745B1D0F4F1D2D2F7059723200683901735B740364383F4F776E277E76DA8FD0976E43474B355C0C005A4E16DD8002384751254A2F4B551B6A477F637777473755667F10514A0226606E6E4060D0865F2D6554604E5F0F1ECFAC367F0FDE9B553A3D475D553A4C7A54254C064116DD805114345664787454D193075F3B5F6F3A3F536F1E38E4B1937BDE976A44003C08DBA21B502412303D7D383F41697DD19F775F1D4B0C2D01711B73214A2F51664B0C2D011528522B4A0C2D015028647A1428482D6732000F0206645F1E2D45D9927E260345DC96DE804647477761760C28402D67325A046D0D6FD9AC3110363319402D027617344824627000287D325B5D7026034A06734E4F165D6C75C7990C350D687878381A723F74214A3319401901731A783018571D69214A7F496E3A01123001521D3A5015D19915244A6D2E3B01046C402B541D487B366F611D6C750C40113D1029C5990C742B017306D4BC42166732D0AD046D1A500A517A7F5A7ADDBD697E0D056A3F31553E1301405B08343525526F184B52082C7B1FC9944C064D036A5EC2A31770461D4B5D716F792E5B49E5A7B57F6F37002D046D1A500A7D7C492C2F50795D3F651E74186A5D67C58D1301405B08342DC58C77795D2C5370D7AB074C65375D551F2A2702103069402B74156F5877563254762A6F761A1301405B08344C156A32753E4A6B69547E6C5200046D1A500A7D554C375C71065672211E5E62651F1B18DB8A555E4F04006D21606ED3805774795A37E9B18058C7AA2B5C63C3AB0E7EC58D181301405B083415292A5D661B37137C4B670733303B54752D1E1301405B0834574C3E374B476905194C09CEAA5B144025017306D4BC427F7F555D667E2F50122D7E57322D1B55344537002D046D1A503E5C5C3C492D645B0934154D6C7126034ADCA6013510696C7126034ADCA6013528386E25606ED380573728C5990C742B017306D4BC424E2D645B09340502D7A716174F500633195602360D79604F1628C5990C742B017306D4BC68341FE3BB8D67492F1B1F42212702105244694646461F585429534F271301405B084829794C261475D0A27A3252D896542A654400160252286D4B2B757C256F68286A14002E0252286D0971224D4E5C66423E0500224A5B254E29CE9451130F4C1F7C006D242016693A32674A1D5D535070620F3B125244696B39333C1C443E4875365253546B2B646F06636D03683B012945443C4703033F461C1A570C4304541F510A785126006B094829140004277A2814010009684F50284E03001613D09E5006002C263D43380D00584C407B42711A00440F34006031011E0A69006202133D140004277A2814010009684F50284E03001613D09EDDA76369005A02133D7E2965657C3E443B00001A273D4371CABE55695D470004277AC7A8666F7B6169005A02133D7E3E4A2B177F70390D00584B407B6FC5AB52777E51380D00584C407BDAAF32357E52005D49407B7F72550A08684F507C6C15254964201008781D77D68E1F002120526451E79EABCD9B37520D1D0026205235101E5F743966CD9A1C5D6E36722D1B3A00344D404A112C75471F7D74D5AA550F3F701B00001A27201E76626EDDBA35180C4B5523025B084829DBB76F3446140414512D5B1440000A01294522D38000224A380D00584C407B267152CE9D3B6358683448247501020414516B742608C3BB770F7A011827200200474C4C4C6CDCB871102D150C065E006609522B33514F4B781BD8B32F7DC5AD1E7B7C70706C497D155B20013045407E3A3D3D6D7A14686C365B7631235F3B755C7E565D783F3E740D53130046084824323131617A14684C26534D68341D652F520602491B0408783C48244C026D384EE893BB760CDAB35F75D7A6712F0E13103A47751E05626868D1B1671B621D3E325F5C4F24123159007A284DD3A150287A547A17DDB538003D44402A4B7E1C2D7BD381015E4005636444D8B16351C9A44267CF9D6F495E4D2F270C110A3F2732487D4B4B72583F7C6A4D6F225E21234A557D70736BD4AD350A4067526DCE9D3C6B2748323655446BE6A8AE071F7C6E311E25294A351C286F1167274F163B1C1B1B2B5B572BDFB8716D076B45363E3E1E0C06152A3A38765B31565E4F7F0A553C542F283D75760D76001E222F4A55376D3A4A752C4A7E2566376E071E781A1565304C3C4A750F6A7A1F00097B6E0A55474D596F5B57377D02091A5D77666740D0934E42503F3B711D51257D00276B165D746A7E2B5F1FC9A45D1C796929204A1667CE9CD1976834180C0E0F0FD1B55F5B1E4A70386C6A0114144A1244D597146EDBB62F3C4ADCB5F2A1A1A16F345E44C280743A3E077B656A6B74D3A64DC5956F6E017406510A33603137E5BEA8543C007406510A337E165E17CDB04D042B522F19577F031F385E0F6E01740C510A634647471708047F55CCA9D3A76CDEBE7D0343527146792B3357D7AF5FEFAE8A67064944294C64326E043667CF9D7773545F003A28613A5F70204D1B1F3858370840214A615E2A724D7FE79FAF6E2B41023028151E6E3E7713545F0E0E0E2E750142167F4353321B366C2108414429437D1545224943065271643233351C0E67301862774A142552000042020014140010000034280500291F701E755F530000000049454E444260, 0);

-- ----------------------------
-- Table structure for act_ge_property
-- ----------------------------
DROP TABLE IF EXISTS `act_ge_property`;
CREATE TABLE `act_ge_property`  (
  `NAME_` varchar(64) CHARACTER SET utf8 COLLATE utf8_bin NOT NULL DEFAULT '',
  `VALUE_` varchar(300) CHARACTER SET utf8 COLLATE utf8_bin DEFAULT NULL,
  `REV_` int(11) DEFAULT NULL,
  PRIMARY KEY (`NAME_`) USING BTREE
) ENGINE = InnoDB CHARACTER SET = utf8 COLLATE = utf8_bin ROW_FORMAT = Dynamic;

-- ----------------------------
-- Records of act_ge_property
-- ----------------------------
INSERT INTO `act_ge_property` VALUES ('next.dbid', '17501', 8);
INSERT INTO `act_ge_property` VALUES ('schema.history', 'create(5.22.0.0)', 1);
INSERT INTO `act_ge_property` VALUES ('schema.version', '5.22.0.0', 1);

-- ----------------------------
-- Table structure for act_hi_actinst
-- ----------------------------
DROP TABLE IF EXISTS `act_hi_actinst`;
CREATE TABLE `act_hi_actinst`  (
  `ID_` varchar(64) CHARACTER SET utf8 COLLATE utf8_bin NOT NULL,
  `PROC_DEF_ID_` varchar(64) CHARACTER SET utf8 COLLATE utf8_bin NOT NULL,
  `PROC_INST_ID_` varchar(64) CHARACTER SET utf8 COLLATE utf8_bin NOT NULL,
  `EXECUTION_ID_` varchar(64) CHARACTER SET utf8 COLLATE utf8_bin NOT NULL,
  `ACT_ID_` varchar(255) CHARACTER SET utf8 COLLATE utf8_bin NOT NULL,
  `TASK_ID_` varchar(64) CHARACTER SET utf8 COLLATE utf8_bin DEFAULT NULL,
  `CALL_PROC_INST_ID_` varchar(64) CHARACTER SET utf8 COLLATE utf8_bin DEFAULT NULL,
  `ACT_NAME_` varchar(255) CHARACTER SET utf8 COLLATE utf8_bin DEFAULT NULL,
  `ACT_TYPE_` varchar(255) CHARACTER SET utf8 COLLATE utf8_bin NOT NULL,
  `ASSIGNEE_` varchar(255) CHARACTER SET utf8 COLLATE utf8_bin DEFAULT NULL,
  `START_TIME_` datetime(0) NOT NULL,
  `END_TIME_` datetime(0) DEFAULT NULL,
  `DURATION_` bigint(20) DEFAULT NULL,
  `TENANT_ID_` varchar(255) CHARACTER SET utf8 COLLATE utf8_bin DEFAULT '',
  PRIMARY KEY (`ID_`) USING BTREE,
  INDEX `ACT_IDX_HI_ACT_INST_START`(`START_TIME_`) USING BTREE,
  INDEX `ACT_IDX_HI_ACT_INST_END`(`END_TIME_`) USING BTREE,
  INDEX `ACT_IDX_HI_ACT_INST_PROCINST`(`PROC_INST_ID_`, `ACT_ID_`) USING BTREE,
  INDEX `ACT_IDX_HI_ACT_INST_EXEC`(`EXECUTION_ID_`, `ACT_ID_`) USING BTREE
) ENGINE = InnoDB CHARACTER SET = utf8 COLLATE = utf8_bin ROW_FORMAT = Dynamic;

-- ----------------------------
-- Records of act_hi_actinst
-- ----------------------------
INSERT INTO `act_hi_actinst` VALUES ('10002', 'Leavebill:1:4', '10001', '10001', 'startevent1', NULL, NULL, 'Start', 'startEvent', NULL, '2020-08-11 10:29:49', '2020-08-11 10:29:49', 6, '');
INSERT INTO `act_hi_actinst` VALUES ('10005', 'Leavebill:1:4', '10001', '10001', 'usertask1', '10006', NULL, '提交申请', 'userTask', '刘八', '2020-08-11 10:29:49', '2020-08-11 10:29:59', 10916, '');
INSERT INTO `act_hi_actinst` VALUES ('10011', 'Leavebill:1:4', '10001', '10001', 'usertask2', '10012', NULL, '审批【上级领导】', 'userTask', '王五', '2020-08-11 10:29:59', '2020-08-11 10:31:25', 86672, '');
INSERT INTO `act_hi_actinst` VALUES ('10016', 'Leavebill:1:4', '10001', '10001', 'usertask3', '10017', NULL, '审批【上上级领导】', 'userTask', '李四', '2020-08-11 10:31:25', '2020-08-19 09:52:38', 688873654, '');
INSERT INTO `act_hi_actinst` VALUES ('12502', 'Leavebill:1:4', '12501', '12501', 'startevent1', NULL, NULL, 'Start', 'startEvent', NULL, '2020-08-19 09:51:25', '2020-08-19 09:51:25', 7, '');
INSERT INTO `act_hi_actinst` VALUES ('12505', 'Leavebill:1:4', '12501', '12501', 'usertask1', '12506', NULL, '提交申请', 'userTask', '刘八', '2020-08-19 09:51:25', '2020-08-19 09:51:42', 17660, '');
INSERT INTO `act_hi_actinst` VALUES ('12511', 'Leavebill:1:4', '12501', '12501', 'usertask2', '12512', NULL, '审批【上级领导】', 'userTask', '王五', '2020-08-19 09:51:42', '2020-08-19 09:52:16', 34321, '');
INSERT INTO `act_hi_actinst` VALUES ('12516', 'Leavebill:1:4', '5011', '5011', 'usertask1', '12517', NULL, '提交申请', 'userTask', '刘八', '2020-08-19 09:52:01', '2020-08-19 09:53:17', 76703, '');
INSERT INTO `act_hi_actinst` VALUES ('12520', 'Leavebill:1:4', '12501', '12501', 'usertask3', '12521', NULL, '审批【上上级领导】', 'userTask', '李四', '2020-08-19 09:52:16', '2020-08-19 09:52:40', 24670, '');
INSERT INTO `act_hi_actinst` VALUES ('12525', 'Leavebill:1:4', '10001', '10001', 'endevent1', NULL, NULL, 'End', 'endEvent', NULL, '2020-08-19 09:52:38', '2020-08-19 09:52:38', 0, '');
INSERT INTO `act_hi_actinst` VALUES ('12528', 'Leavebill:1:4', '12501', '12501', 'endevent1', NULL, NULL, 'End', 'endEvent', NULL, '2020-08-19 09:52:40', '2020-08-19 09:52:40', 0, '');
INSERT INTO `act_hi_actinst` VALUES ('12531', 'Leavebill:1:4', '2509', '2509', 'endevent1', NULL, NULL, 'End', 'endEvent', NULL, '2020-08-19 09:52:42', '2020-08-19 09:52:42', 0, '');
INSERT INTO `act_hi_actinst` VALUES ('12538', 'Leavebill:1:4', '7501', '7501', 'usertask1', '12539', NULL, '提交申请', 'userTask', '王五', '2020-08-19 09:52:50', NULL, NULL, '');
INSERT INTO `act_hi_actinst` VALUES ('12542', 'Leavebill:1:4', '5011', '5011', 'endevent1', NULL, NULL, 'End', 'endEvent', NULL, '2020-08-19 09:53:17', '2020-08-19 09:53:17', 0, '');
INSERT INTO `act_hi_actinst` VALUES ('15', 'Leavebill:1:4', '5', '5', 'usertask2', '16', NULL, '审批【上级领导】', 'userTask', '王五', '2020-08-09 09:24:49', '2020-08-09 13:22:27', 14258290, '');
INSERT INTO `act_hi_actinst` VALUES ('15002', 'Leavebill:1:4', '15001', '15001', 'startevent1', NULL, NULL, 'Start', 'startEvent', NULL, '2020-08-19 16:13:37', '2020-08-19 16:13:37', 7, '');
INSERT INTO `act_hi_actinst` VALUES ('15005', 'Leavebill:1:4', '15001', '15001', 'usertask1', '15006', NULL, '提交申请', 'userTask', '刘八', '2020-08-19 16:13:37', '2020-08-19 16:14:07', 30088, '');
INSERT INTO `act_hi_actinst` VALUES ('15011', 'Leavebill:1:4', '15001', '15001', 'usertask2', '15012', NULL, '审批【上级领导】', 'userTask', '王五', '2020-08-19 16:14:07', '2020-08-19 16:14:42', 35410, '');
INSERT INTO `act_hi_actinst` VALUES ('15016', 'Leavebill:1:4', '15001', '15001', 'usertask3', '15017', NULL, '审批【上上级领导】', 'userTask', '李四', '2020-08-19 16:14:42', '2020-08-19 16:15:26', 44668, '');
INSERT INTO `act_hi_actinst` VALUES ('15021', 'Leavebill:1:4', '15001', '15001', 'endevent1', NULL, NULL, 'End', 'endEvent', NULL, '2020-08-19 16:15:26', '2020-08-19 16:15:26', 0, '');
INSERT INTO `act_hi_actinst` VALUES ('2503', 'Leavebill:1:4', '5', '5', 'usertask3', '2504', NULL, '审批【上上级领导】', 'userTask', '李四', '2020-08-09 13:22:27', '2020-08-09 14:26:23', 3836894, '');
INSERT INTO `act_hi_actinst` VALUES ('2508', 'Leavebill:1:4', '5', '5', 'endevent1', NULL, NULL, 'End', 'endEvent', NULL, '2020-08-09 14:26:23', '2020-08-09 14:26:23', 0, '');
INSERT INTO `act_hi_actinst` VALUES ('2511', 'Leavebill:1:4', '2509', '2509', 'startevent1', NULL, NULL, 'Start', 'startEvent', NULL, '2020-08-09 14:26:48', '2020-08-09 14:26:48', 1, '');
INSERT INTO `act_hi_actinst` VALUES ('2514', 'Leavebill:1:4', '2509', '2509', 'usertask1', '2515', NULL, '提交申请', 'userTask', '刘八', '2020-08-09 14:26:48', '2020-08-09 16:23:59', 7031221, '');
INSERT INTO `act_hi_actinst` VALUES ('5004', 'Leavebill:1:4', '2509', '2509', 'usertask2', '5005', NULL, '审批【上级领导】', 'userTask', '王五', '2020-08-09 16:23:59', '2020-08-09 16:24:27', 28926, '');
INSERT INTO `act_hi_actinst` VALUES ('5009', 'Leavebill:1:4', '2509', '2509', 'usertask3', '5010', NULL, '审批【上上级领导】', 'userTask', '李四', '2020-08-09 16:24:27', '2020-08-19 09:52:42', 840495677, '');
INSERT INTO `act_hi_actinst` VALUES ('5012', 'Leavebill:1:4', '5011', '5011', 'startevent1', NULL, NULL, 'Start', 'startEvent', NULL, '2020-08-09 16:50:54', '2020-08-09 16:50:54', 2, '');
INSERT INTO `act_hi_actinst` VALUES ('5015', 'Leavebill:1:4', '5011', '5011', 'usertask1', '5016', NULL, '提交申请', 'userTask', '刘八', '2020-08-09 16:50:54', '2020-08-09 16:52:53', 119821, '');
INSERT INTO `act_hi_actinst` VALUES ('5021', 'Leavebill:1:4', '5011', '5011', 'usertask2', '5022', NULL, '审批【上级领导】', 'userTask', '王五', '2020-08-09 16:52:53', '2020-08-19 09:52:01', 838748752, '');
INSERT INTO `act_hi_actinst` VALUES ('6', 'Leavebill:1:4', '5', '5', 'startevent1', NULL, NULL, 'Start', 'startEvent', NULL, '2020-08-09 09:24:27', '2020-08-09 09:24:27', 8, '');
INSERT INTO `act_hi_actinst` VALUES ('7502', 'Leavebill:1:4', '7501', '7501', 'startevent1', NULL, NULL, 'Start', 'startEvent', NULL, '2020-08-10 13:07:39', '2020-08-10 13:07:39', 6, '');
INSERT INTO `act_hi_actinst` VALUES ('7505', 'Leavebill:1:4', '7501', '7501', 'usertask1', '7506', NULL, '提交申请', 'userTask', '王五', '2020-08-10 13:07:39', '2020-08-10 13:08:20', 41557, '');
INSERT INTO `act_hi_actinst` VALUES ('7511', 'Leavebill:1:4', '7501', '7501', 'usertask2', '7512', NULL, '审批【上级领导】', 'userTask', '李四', '2020-08-10 13:08:20', '2020-08-19 09:52:50', 765870656, '');
INSERT INTO `act_hi_actinst` VALUES ('9', 'Leavebill:1:4', '5', '5', 'usertask1', '10', NULL, '提交申请', 'userTask', '刘八', '2020-08-09 09:24:27', '2020-08-09 09:24:49', 22752, '');

-- ----------------------------
-- Table structure for act_hi_attachment
-- ----------------------------
DROP TABLE IF EXISTS `act_hi_attachment`;
CREATE TABLE `act_hi_attachment`  (
  `ID_` varchar(64) CHARACTER SET utf8 COLLATE utf8_bin NOT NULL,
  `REV_` int(11) DEFAULT NULL,
  `USER_ID_` varchar(255) CHARACTER SET utf8 COLLATE utf8_bin DEFAULT NULL,
  `NAME_` varchar(255) CHARACTER SET utf8 COLLATE utf8_bin DEFAULT NULL,
  `DESCRIPTION_` varchar(4000) CHARACTER SET utf8 COLLATE utf8_bin DEFAULT NULL,
  `TYPE_` varchar(255) CHARACTER SET utf8 COLLATE utf8_bin DEFAULT NULL,
  `TASK_ID_` varchar(64) CHARACTER SET utf8 COLLATE utf8_bin DEFAULT NULL,
  `PROC_INST_ID_` varchar(64) CHARACTER SET utf8 COLLATE utf8_bin DEFAULT NULL,
  `URL_` varchar(4000) CHARACTER SET utf8 COLLATE utf8_bin DEFAULT NULL,
  `CONTENT_ID_` varchar(64) CHARACTER SET utf8 COLLATE utf8_bin DEFAULT NULL,
  `TIME_` datetime(0) DEFAULT NULL,
  PRIMARY KEY (`ID_`) USING BTREE
) ENGINE = InnoDB CHARACTER SET = utf8 COLLATE = utf8_bin ROW_FORMAT = Dynamic;

-- ----------------------------
-- Table structure for act_hi_comment
-- ----------------------------
DROP TABLE IF EXISTS `act_hi_comment`;
CREATE TABLE `act_hi_comment`  (
  `ID_` varchar(64) CHARACTER SET utf8 COLLATE utf8_bin NOT NULL,
  `TYPE_` varchar(255) CHARACTER SET utf8 COLLATE utf8_bin DEFAULT NULL,
  `TIME_` datetime(0) NOT NULL,
  `USER_ID_` varchar(255) CHARACTER SET utf8 COLLATE utf8_bin DEFAULT NULL,
  `TASK_ID_` varchar(64) CHARACTER SET utf8 COLLATE utf8_bin DEFAULT NULL,
  `PROC_INST_ID_` varchar(64) CHARACTER SET utf8 COLLATE utf8_bin DEFAULT NULL,
  `ACTION_` varchar(255) CHARACTER SET utf8 COLLATE utf8_bin DEFAULT NULL,
  `MESSAGE_` varchar(4000) CHARACTER SET utf8 COLLATE utf8_bin DEFAULT NULL,
  `FULL_MSG_` longblob,
  PRIMARY KEY (`ID_`) USING BTREE
) ENGINE = InnoDB CHARACTER SET = utf8 COLLATE = utf8_bin ROW_FORMAT = Dynamic;

-- ----------------------------
-- Records of act_hi_comment
-- ----------------------------
INSERT INTO `act_hi_comment` VALUES ('10008', 'comment', '2020-08-11 10:29:59', '刘八', '10006', '10001', 'AddComment', '[提交]希望领导批准', 0x5BE68F90E4BAA45DE5B88CE69C9BE9A286E5AFBCE689B9E58786);
INSERT INTO `act_hi_comment` VALUES ('10014', 'comment', '2020-08-11 10:31:25', '王五', '10012', '10001', 'AddComment', '[同意]好的', 0x5BE5908CE6848F5DE5A5BDE79A84);
INSERT INTO `act_hi_comment` VALUES ('12', 'comment', '2020-08-09 09:24:49', '刘八', '10', '5', 'AddComment', '[提交]希望领导批准', 0x5BE68F90E4BAA45DE5B88CE69C9BE9A286E5AFBCE689B9E58786);
INSERT INTO `act_hi_comment` VALUES ('12508', 'comment', '2020-08-19 09:51:42', '刘八', '12506', '12501', 'AddComment', '[提交]1', 0x5BE68F90E4BAA45D31);
INSERT INTO `act_hi_comment` VALUES ('12514', 'comment', '2020-08-19 09:52:01', '王五', '5022', '5011', 'AddComment', '[驳回]', 0x5BE9A9B3E59B9E5D);
INSERT INTO `act_hi_comment` VALUES ('12518', 'comment', '2020-08-19 09:52:16', '王五', '12512', '12501', 'AddComment', '[同意]加油', 0x5BE5908CE6848F5DE58AA0E6B2B9);
INSERT INTO `act_hi_comment` VALUES ('12523', 'comment', '2020-08-19 09:52:38', '李四', '10017', '10001', 'AddComment', '[同意]', 0x5BE5908CE6848F5D);
INSERT INTO `act_hi_comment` VALUES ('12526', 'comment', '2020-08-19 09:52:40', '李四', '12521', '12501', 'AddComment', '[同意]', 0x5BE5908CE6848F5D);
INSERT INTO `act_hi_comment` VALUES ('12529', 'comment', '2020-08-19 09:52:42', '李四', '5010', '2509', 'AddComment', '[同意]', 0x5BE5908CE6848F5D);
INSERT INTO `act_hi_comment` VALUES ('12536', 'comment', '2020-08-19 09:52:50', '李四', '7512', '7501', 'AddComment', '[驳回]', 0x5BE9A9B3E59B9E5D);
INSERT INTO `act_hi_comment` VALUES ('12540', 'comment', '2020-08-19 09:53:17', '刘八', '12517', '5011', 'AddComment', '[放弃]', 0x5BE694BEE5BC835D);
INSERT INTO `act_hi_comment` VALUES ('15008', 'comment', '2020-08-19 16:14:07', '刘八', '15006', '15001', 'AddComment', '[提交]', 0x5BE68F90E4BAA45D);
INSERT INTO `act_hi_comment` VALUES ('15014', 'comment', '2020-08-19 16:14:42', '王五', '15012', '15001', 'AddComment', '[同意]1', 0x5BE5908CE6848F5D31);
INSERT INTO `act_hi_comment` VALUES ('15019', 'comment', '2020-08-19 16:15:26', '李四', '15017', '15001', 'AddComment', '[同意]1', 0x5BE5908CE6848F5D31);
INSERT INTO `act_hi_comment` VALUES ('2501', 'comment', '2020-08-09 13:22:27', '王五', '16', '5', 'AddComment', '[同意]好好休息', 0x5BE5908CE6848F5DE5A5BDE5A5BDE4BC91E681AF);
INSERT INTO `act_hi_comment` VALUES ('2506', 'comment', '2020-08-09 14:26:23', '李四', '2504', '5', 'AddComment', '[同意]好', 0x5BE5908CE6848F5DE5A5BD);
INSERT INTO `act_hi_comment` VALUES ('5001', 'comment', '2020-08-09 16:23:59', '刘八', '2515', '2509', 'AddComment', '[提交]a', 0x5BE68F90E4BAA45D61);
INSERT INTO `act_hi_comment` VALUES ('5007', 'comment', '2020-08-09 16:24:27', '王五', '5005', '2509', 'AddComment', '[同意]好', 0x5BE5908CE6848F5DE5A5BD);
INSERT INTO `act_hi_comment` VALUES ('5018', 'comment', '2020-08-09 16:52:53', '刘八', '5016', '5011', 'AddComment', '[提交]', 0x5BE68F90E4BAA45D);
INSERT INTO `act_hi_comment` VALUES ('7508', 'comment', '2020-08-10 13:08:20', '王五', '7506', '7501', 'AddComment', '[提交]希望批准 ', 0x5BE68F90E4BAA45DE5B88CE69C9BE689B9E587860A);

-- ----------------------------
-- Table structure for act_hi_detail
-- ----------------------------
DROP TABLE IF EXISTS `act_hi_detail`;
CREATE TABLE `act_hi_detail`  (
  `ID_` varchar(64) CHARACTER SET utf8 COLLATE utf8_bin NOT NULL,
  `TYPE_` varchar(255) CHARACTER SET utf8 COLLATE utf8_bin NOT NULL,
  `PROC_INST_ID_` varchar(64) CHARACTER SET utf8 COLLATE utf8_bin DEFAULT NULL,
  `EXECUTION_ID_` varchar(64) CHARACTER SET utf8 COLLATE utf8_bin DEFAULT NULL,
  `TASK_ID_` varchar(64) CHARACTER SET utf8 COLLATE utf8_bin DEFAULT NULL,
  `ACT_INST_ID_` varchar(64) CHARACTER SET utf8 COLLATE utf8_bin DEFAULT NULL,
  `NAME_` varchar(255) CHARACTER SET utf8 COLLATE utf8_bin NOT NULL,
  `VAR_TYPE_` varchar(255) CHARACTER SET utf8 COLLATE utf8_bin DEFAULT NULL,
  `REV_` int(11) DEFAULT NULL,
  `TIME_` datetime(0) NOT NULL,
  `BYTEARRAY_ID_` varchar(64) CHARACTER SET utf8 COLLATE utf8_bin DEFAULT NULL,
  `DOUBLE_` double DEFAULT NULL,
  `LONG_` bigint(20) DEFAULT NULL,
  `TEXT_` varchar(4000) CHARACTER SET utf8 COLLATE utf8_bin DEFAULT NULL,
  `TEXT2_` varchar(4000) CHARACTER SET utf8 COLLATE utf8_bin DEFAULT NULL,
  PRIMARY KEY (`ID_`) USING BTREE,
  INDEX `ACT_IDX_HI_DETAIL_PROC_INST`(`PROC_INST_ID_`) USING BTREE,
  INDEX `ACT_IDX_HI_DETAIL_ACT_INST`(`ACT_INST_ID_`) USING BTREE,
  INDEX `ACT_IDX_HI_DETAIL_TIME`(`TIME_`) USING BTREE,
  INDEX `ACT_IDX_HI_DETAIL_NAME`(`NAME_`) USING BTREE,
  INDEX `ACT_IDX_HI_DETAIL_TASK_ID`(`TASK_ID_`) USING BTREE
) ENGINE = InnoDB CHARACTER SET = utf8 COLLATE = utf8_bin ROW_FORMAT = Dynamic;

-- ----------------------------
-- Records of act_hi_detail
-- ----------------------------
INSERT INTO `act_hi_detail` VALUES ('10004', 'VariableUpdate', '10001', '10001', NULL, '10002', 'username', 'string', 0, '2020-08-11 10:29:49', NULL, NULL, NULL, '刘八', NULL);
INSERT INTO `act_hi_detail` VALUES ('10010', 'VariableUpdate', '10001', '10001', NULL, '10005', 'outcome', 'string', 0, '2020-08-11 10:29:59', NULL, NULL, NULL, '提交', NULL);
INSERT INTO `act_hi_detail` VALUES ('10015', 'VariableUpdate', '10001', '10001', NULL, '10011', 'outcome', 'string', 1, '2020-08-11 10:31:25', NULL, NULL, NULL, '同意', NULL);
INSERT INTO `act_hi_detail` VALUES ('12504', 'VariableUpdate', '12501', '12501', NULL, '12502', 'username', 'string', 0, '2020-08-19 09:51:25', NULL, NULL, NULL, '刘八', NULL);
INSERT INTO `act_hi_detail` VALUES ('12510', 'VariableUpdate', '12501', '12501', NULL, '12505', 'outcome', 'string', 0, '2020-08-19 09:51:42', NULL, NULL, NULL, '提交', NULL);
INSERT INTO `act_hi_detail` VALUES ('12515', 'VariableUpdate', '5011', '5011', NULL, '5021', 'outcome', 'string', 1, '2020-08-19 09:52:01', NULL, NULL, NULL, '驳回', NULL);
INSERT INTO `act_hi_detail` VALUES ('12519', 'VariableUpdate', '12501', '12501', NULL, '12511', 'outcome', 'string', 1, '2020-08-19 09:52:16', NULL, NULL, NULL, '同意', NULL);
INSERT INTO `act_hi_detail` VALUES ('12524', 'VariableUpdate', '10001', '10001', NULL, '10016', 'outcome', 'string', 2, '2020-08-19 09:52:38', NULL, NULL, NULL, '同意', NULL);
INSERT INTO `act_hi_detail` VALUES ('12527', 'VariableUpdate', '12501', '12501', NULL, '12520', 'outcome', 'string', 2, '2020-08-19 09:52:40', NULL, NULL, NULL, '同意', NULL);
INSERT INTO `act_hi_detail` VALUES ('12530', 'VariableUpdate', '2509', '2509', NULL, '5009', 'outcome', 'string', 2, '2020-08-19 09:52:42', NULL, NULL, NULL, '同意', NULL);
INSERT INTO `act_hi_detail` VALUES ('12537', 'VariableUpdate', '7501', '7501', NULL, '7511', 'outcome', 'string', 1, '2020-08-19 09:52:50', NULL, NULL, NULL, '驳回', NULL);
INSERT INTO `act_hi_detail` VALUES ('12541', 'VariableUpdate', '5011', '5011', NULL, '12516', 'outcome', 'string', 2, '2020-08-19 09:53:17', NULL, NULL, NULL, '放弃', NULL);
INSERT INTO `act_hi_detail` VALUES ('14', 'VariableUpdate', '5', '5', NULL, '9', 'outcome', 'string', 0, '2020-08-09 09:24:49', NULL, NULL, NULL, '提交', NULL);
INSERT INTO `act_hi_detail` VALUES ('15004', 'VariableUpdate', '15001', '15001', NULL, '15002', 'username', 'string', 0, '2020-08-19 16:13:37', NULL, NULL, NULL, '刘八', NULL);
INSERT INTO `act_hi_detail` VALUES ('15010', 'VariableUpdate', '15001', '15001', NULL, '15005', 'outcome', 'string', 0, '2020-08-19 16:14:07', NULL, NULL, NULL, '提交', NULL);
INSERT INTO `act_hi_detail` VALUES ('15015', 'VariableUpdate', '15001', '15001', NULL, '15011', 'outcome', 'string', 1, '2020-08-19 16:14:42', NULL, NULL, NULL, '同意', NULL);
INSERT INTO `act_hi_detail` VALUES ('15020', 'VariableUpdate', '15001', '15001', NULL, '15016', 'outcome', 'string', 2, '2020-08-19 16:15:26', NULL, NULL, NULL, '同意', NULL);
INSERT INTO `act_hi_detail` VALUES ('2502', 'VariableUpdate', '5', '5', NULL, '15', 'outcome', 'string', 1, '2020-08-09 13:22:27', NULL, NULL, NULL, '同意', NULL);
INSERT INTO `act_hi_detail` VALUES ('2507', 'VariableUpdate', '5', '5', NULL, '2503', 'outcome', 'string', 2, '2020-08-09 14:26:23', NULL, NULL, NULL, '同意', NULL);
INSERT INTO `act_hi_detail` VALUES ('2513', 'VariableUpdate', '2509', '2509', NULL, '2511', 'username', 'string', 0, '2020-08-09 14:26:48', NULL, NULL, NULL, '刘八', NULL);
INSERT INTO `act_hi_detail` VALUES ('5003', 'VariableUpdate', '2509', '2509', NULL, '2514', 'outcome', 'string', 0, '2020-08-09 16:23:59', NULL, NULL, NULL, '提交', NULL);
INSERT INTO `act_hi_detail` VALUES ('5008', 'VariableUpdate', '2509', '2509', NULL, '5004', 'outcome', 'string', 1, '2020-08-09 16:24:27', NULL, NULL, NULL, '同意', NULL);
INSERT INTO `act_hi_detail` VALUES ('5014', 'VariableUpdate', '5011', '5011', NULL, '5012', 'username', 'string', 0, '2020-08-09 16:50:54', NULL, NULL, NULL, '刘八', NULL);
INSERT INTO `act_hi_detail` VALUES ('5020', 'VariableUpdate', '5011', '5011', NULL, '5015', 'outcome', 'string', 0, '2020-08-09 16:52:53', NULL, NULL, NULL, '提交', NULL);
INSERT INTO `act_hi_detail` VALUES ('7504', 'VariableUpdate', '7501', '7501', NULL, '7502', 'username', 'string', 0, '2020-08-10 13:07:39', NULL, NULL, NULL, '王五', NULL);
INSERT INTO `act_hi_detail` VALUES ('7510', 'VariableUpdate', '7501', '7501', NULL, '7505', 'outcome', 'string', 0, '2020-08-10 13:08:20', NULL, NULL, NULL, '提交', NULL);
INSERT INTO `act_hi_detail` VALUES ('8', 'VariableUpdate', '5', '5', NULL, '6', 'username', 'string', 0, '2020-08-09 09:24:27', NULL, NULL, NULL, '刘八', NULL);

-- ----------------------------
-- Table structure for act_hi_identitylink
-- ----------------------------
DROP TABLE IF EXISTS `act_hi_identitylink`;
CREATE TABLE `act_hi_identitylink`  (
  `ID_` varchar(64) CHARACTER SET utf8 COLLATE utf8_bin NOT NULL DEFAULT '',
  `GROUP_ID_` varchar(255) CHARACTER SET utf8 COLLATE utf8_bin DEFAULT NULL,
  `TYPE_` varchar(255) CHARACTER SET utf8 COLLATE utf8_bin DEFAULT NULL,
  `USER_ID_` varchar(255) CHARACTER SET utf8 COLLATE utf8_bin DEFAULT NULL,
  `TASK_ID_` varchar(64) CHARACTER SET utf8 COLLATE utf8_bin DEFAULT NULL,
  `PROC_INST_ID_` varchar(64) CHARACTER SET utf8 COLLATE utf8_bin DEFAULT NULL,
  PRIMARY KEY (`ID_`) USING BTREE,
  INDEX `ACT_IDX_HI_IDENT_LNK_USER`(`USER_ID_`) USING BTREE,
  INDEX `ACT_IDX_HI_IDENT_LNK_TASK`(`TASK_ID_`) USING BTREE,
  INDEX `ACT_IDX_HI_IDENT_LNK_PROCINST`(`PROC_INST_ID_`) USING BTREE
) ENGINE = InnoDB CHARACTER SET = utf8 COLLATE = utf8_bin ROW_FORMAT = Dynamic;

-- ----------------------------
-- Records of act_hi_identitylink
-- ----------------------------
INSERT INTO `act_hi_identitylink` VALUES ('10007', NULL, 'participant', '刘八', NULL, '10001');
INSERT INTO `act_hi_identitylink` VALUES ('10013', NULL, 'participant', '王五', NULL, '10001');
INSERT INTO `act_hi_identitylink` VALUES ('10018', NULL, 'participant', '李四', NULL, '10001');
INSERT INTO `act_hi_identitylink` VALUES ('11', NULL, 'participant', '刘八', NULL, '5');
INSERT INTO `act_hi_identitylink` VALUES ('12507', NULL, 'participant', '刘八', NULL, '12501');
INSERT INTO `act_hi_identitylink` VALUES ('12513', NULL, 'participant', '王五', NULL, '12501');
INSERT INTO `act_hi_identitylink` VALUES ('12522', NULL, 'participant', '李四', NULL, '12501');
INSERT INTO `act_hi_identitylink` VALUES ('15007', NULL, 'participant', '刘八', NULL, '15001');
INSERT INTO `act_hi_identitylink` VALUES ('15013', NULL, 'participant', '王五', NULL, '15001');
INSERT INTO `act_hi_identitylink` VALUES ('15018', NULL, 'participant', '李四', NULL, '15001');
INSERT INTO `act_hi_identitylink` VALUES ('17', NULL, 'participant', '王五', NULL, '5');
INSERT INTO `act_hi_identitylink` VALUES ('2505', NULL, 'participant', '李四', NULL, '5');
INSERT INTO `act_hi_identitylink` VALUES ('2510', NULL, 'starter', '李四', NULL, '2509');
INSERT INTO `act_hi_identitylink` VALUES ('2516', NULL, 'participant', '刘八', NULL, '2509');
INSERT INTO `act_hi_identitylink` VALUES ('5006', NULL, 'participant', '王五', NULL, '2509');
INSERT INTO `act_hi_identitylink` VALUES ('5017', NULL, 'participant', '刘八', NULL, '5011');
INSERT INTO `act_hi_identitylink` VALUES ('5023', NULL, 'participant', '王五', NULL, '5011');
INSERT INTO `act_hi_identitylink` VALUES ('7507', NULL, 'participant', '王五', NULL, '7501');
INSERT INTO `act_hi_identitylink` VALUES ('7513', NULL, 'participant', '李四', NULL, '7501');

-- ----------------------------
-- Table structure for act_hi_procinst
-- ----------------------------
DROP TABLE IF EXISTS `act_hi_procinst`;
CREATE TABLE `act_hi_procinst`  (
  `ID_` varchar(64) CHARACTER SET utf8 COLLATE utf8_bin NOT NULL,
  `PROC_INST_ID_` varchar(64) CHARACTER SET utf8 COLLATE utf8_bin NOT NULL,
  `BUSINESS_KEY_` varchar(255) CHARACTER SET utf8 COLLATE utf8_bin DEFAULT NULL,
  `PROC_DEF_ID_` varchar(64) CHARACTER SET utf8 COLLATE utf8_bin NOT NULL,
  `START_TIME_` datetime(0) NOT NULL,
  `END_TIME_` datetime(0) DEFAULT NULL,
  `DURATION_` bigint(20) DEFAULT NULL,
  `START_USER_ID_` varchar(255) CHARACTER SET utf8 COLLATE utf8_bin DEFAULT NULL,
  `START_ACT_ID_` varchar(255) CHARACTER SET utf8 COLLATE utf8_bin DEFAULT NULL,
  `END_ACT_ID_` varchar(255) CHARACTER SET utf8 COLLATE utf8_bin DEFAULT NULL,
  `SUPER_PROCESS_INSTANCE_ID_` varchar(64) CHARACTER SET utf8 COLLATE utf8_bin DEFAULT NULL,
  `DELETE_REASON_` varchar(4000) CHARACTER SET utf8 COLLATE utf8_bin DEFAULT NULL,
  `TENANT_ID_` varchar(255) CHARACTER SET utf8 COLLATE utf8_bin DEFAULT '',
  `NAME_` varchar(255) CHARACTER SET utf8 COLLATE utf8_bin DEFAULT NULL,
  PRIMARY KEY (`ID_`) USING BTREE,
  UNIQUE INDEX `PROC_INST_ID_`(`PROC_INST_ID_`) USING BTREE,
  INDEX `ACT_IDX_HI_PRO_INST_END`(`END_TIME_`) USING BTREE,
  INDEX `ACT_IDX_HI_PRO_I_BUSKEY`(`BUSINESS_KEY_`) USING BTREE
) ENGINE = InnoDB CHARACTER SET = utf8 COLLATE = utf8_bin ROW_FORMAT = Dynamic;

-- ----------------------------
-- Records of act_hi_procinst
-- ----------------------------
INSERT INTO `act_hi_procinst` VALUES ('10001', '10001', 'Leavebill:19', 'Leavebill:1:4', '2020-08-11 10:29:49', '2020-08-19 09:52:38', 688969655, NULL, 'startevent1', 'endevent1', NULL, NULL, '', NULL);
INSERT INTO `act_hi_procinst` VALUES ('12501', '12501', 'Leavebill:20', 'Leavebill:1:4', '2020-08-19 09:51:25', '2020-08-19 09:52:40', 75671, NULL, 'startevent1', 'endevent1', NULL, NULL, '', NULL);
INSERT INTO `act_hi_procinst` VALUES ('15001', '15001', 'Leavebill:21', 'Leavebill:1:4', '2020-08-19 16:13:37', '2020-08-19 16:15:26', 109672, NULL, 'startevent1', 'endevent1', NULL, NULL, '', NULL);
INSERT INTO `act_hi_procinst` VALUES ('2509', '2509', 'Leavebill:16', 'Leavebill:1:4', '2020-08-09 14:26:48', '2020-08-19 09:52:42', 847554678, '李四', 'startevent1', 'endevent1', NULL, NULL, '', NULL);
INSERT INTO `act_hi_procinst` VALUES ('5', '5', 'Leavebill:15', 'Leavebill:1:4', '2020-08-09 09:24:27', '2020-08-09 14:26:23', 18116896, NULL, 'startevent1', 'endevent1', NULL, NULL, '', NULL);
INSERT INTO `act_hi_procinst` VALUES ('5011', '5011', 'Leavebill:17', 'Leavebill:1:4', '2020-08-09 16:50:54', '2020-08-19 09:53:17', 838943704, NULL, 'startevent1', 'endevent1', NULL, NULL, '', NULL);
INSERT INTO `act_hi_procinst` VALUES ('7501', '7501', 'Leavebill:18', 'Leavebill:1:4', '2020-08-10 13:07:39', NULL, NULL, NULL, 'startevent1', NULL, NULL, NULL, '', NULL);

-- ----------------------------
-- Table structure for act_hi_taskinst
-- ----------------------------
DROP TABLE IF EXISTS `act_hi_taskinst`;
CREATE TABLE `act_hi_taskinst`  (
  `ID_` varchar(64) CHARACTER SET utf8 COLLATE utf8_bin NOT NULL,
  `PROC_DEF_ID_` varchar(64) CHARACTER SET utf8 COLLATE utf8_bin DEFAULT NULL,
  `TASK_DEF_KEY_` varchar(255) CHARACTER SET utf8 COLLATE utf8_bin DEFAULT NULL,
  `PROC_INST_ID_` varchar(64) CHARACTER SET utf8 COLLATE utf8_bin DEFAULT NULL,
  `EXECUTION_ID_` varchar(64) CHARACTER SET utf8 COLLATE utf8_bin DEFAULT NULL,
  `NAME_` varchar(255) CHARACTER SET utf8 COLLATE utf8_bin DEFAULT NULL,
  `PARENT_TASK_ID_` varchar(64) CHARACTER SET utf8 COLLATE utf8_bin DEFAULT NULL,
  `DESCRIPTION_` varchar(4000) CHARACTER SET utf8 COLLATE utf8_bin DEFAULT NULL,
  `OWNER_` varchar(255) CHARACTER SET utf8 COLLATE utf8_bin DEFAULT NULL,
  `ASSIGNEE_` varchar(255) CHARACTER SET utf8 COLLATE utf8_bin DEFAULT NULL,
  `START_TIME_` datetime(0) NOT NULL,
  `CLAIM_TIME_` datetime(0) DEFAULT NULL,
  `END_TIME_` datetime(0) DEFAULT NULL,
  `DURATION_` bigint(20) DEFAULT NULL,
  `DELETE_REASON_` varchar(4000) CHARACTER SET utf8 COLLATE utf8_bin DEFAULT NULL,
  `PRIORITY_` int(11) DEFAULT NULL,
  `DUE_DATE_` datetime(0) DEFAULT NULL,
  `FORM_KEY_` varchar(255) CHARACTER SET utf8 COLLATE utf8_bin DEFAULT NULL,
  `CATEGORY_` varchar(255) CHARACTER SET utf8 COLLATE utf8_bin DEFAULT NULL,
  `TENANT_ID_` varchar(255) CHARACTER SET utf8 COLLATE utf8_bin DEFAULT '',
  PRIMARY KEY (`ID_`) USING BTREE,
  INDEX `ACT_IDX_HI_TASK_INST_PROCINST`(`PROC_INST_ID_`) USING BTREE
) ENGINE = InnoDB CHARACTER SET = utf8 COLLATE = utf8_bin ROW_FORMAT = Dynamic;

-- ----------------------------
-- Records of act_hi_taskinst
-- ----------------------------
INSERT INTO `act_hi_taskinst` VALUES ('10', 'Leavebill:1:4', 'usertask1', '5', '5', '提交申请', NULL, NULL, NULL, '刘八', '2020-08-09 09:24:27', NULL, '2020-08-09 09:24:49', 22744, 'completed', 50, NULL, NULL, NULL, '');
INSERT INTO `act_hi_taskinst` VALUES ('10006', 'Leavebill:1:4', 'usertask1', '10001', '10001', '提交申请', NULL, NULL, NULL, '刘八', '2020-08-11 10:29:49', NULL, '2020-08-11 10:29:59', 10909, 'completed', 50, NULL, NULL, NULL, '');
INSERT INTO `act_hi_taskinst` VALUES ('10012', 'Leavebill:1:4', 'usertask2', '10001', '10001', '审批【上级领导】', NULL, NULL, NULL, '王五', '2020-08-11 10:29:59', NULL, '2020-08-11 10:31:25', 86671, 'completed', 50, NULL, NULL, NULL, '');
INSERT INTO `act_hi_taskinst` VALUES ('10017', 'Leavebill:1:4', 'usertask3', '10001', '10001', '审批【上上级领导】', NULL, NULL, NULL, '李四', '2020-08-11 10:31:25', NULL, '2020-08-19 09:52:38', 688873653, 'completed', 50, NULL, NULL, NULL, '');
INSERT INTO `act_hi_taskinst` VALUES ('12506', 'Leavebill:1:4', 'usertask1', '12501', '12501', '提交申请', NULL, NULL, NULL, '刘八', '2020-08-19 09:51:25', NULL, '2020-08-19 09:51:42', 17652, 'completed', 50, NULL, NULL, NULL, '');
INSERT INTO `act_hi_taskinst` VALUES ('12512', 'Leavebill:1:4', 'usertask2', '12501', '12501', '审批【上级领导】', NULL, NULL, NULL, '王五', '2020-08-19 09:51:42', NULL, '2020-08-19 09:52:16', 34320, 'completed', 50, NULL, NULL, NULL, '');
INSERT INTO `act_hi_taskinst` VALUES ('12517', 'Leavebill:1:4', 'usertask1', '5011', '5011', '提交申请', NULL, NULL, NULL, '刘八', '2020-08-19 09:52:01', NULL, '2020-08-19 09:53:17', 76702, 'completed', 50, NULL, NULL, NULL, '');
INSERT INTO `act_hi_taskinst` VALUES ('12521', 'Leavebill:1:4', 'usertask3', '12501', '12501', '审批【上上级领导】', NULL, NULL, NULL, '李四', '2020-08-19 09:52:16', NULL, '2020-08-19 09:52:40', 24669, 'completed', 50, NULL, NULL, NULL, '');
INSERT INTO `act_hi_taskinst` VALUES ('12539', 'Leavebill:1:4', 'usertask1', '7501', '7501', '提交申请', NULL, NULL, NULL, '王五', '2020-08-19 09:52:50', NULL, NULL, NULL, NULL, 50, NULL, NULL, NULL, '');
INSERT INTO `act_hi_taskinst` VALUES ('15006', 'Leavebill:1:4', 'usertask1', '15001', '15001', '提交申请', NULL, NULL, NULL, '刘八', '2020-08-19 16:13:37', NULL, '2020-08-19 16:14:07', 30080, 'completed', 50, NULL, NULL, NULL, '');
INSERT INTO `act_hi_taskinst` VALUES ('15012', 'Leavebill:1:4', 'usertask2', '15001', '15001', '审批【上级领导】', NULL, NULL, NULL, '王五', '2020-08-19 16:14:07', NULL, '2020-08-19 16:14:42', 35409, 'completed', 50, NULL, NULL, NULL, '');
INSERT INTO `act_hi_taskinst` VALUES ('15017', 'Leavebill:1:4', 'usertask3', '15001', '15001', '审批【上上级领导】', NULL, NULL, NULL, '李四', '2020-08-19 16:14:42', NULL, '2020-08-19 16:15:26', 44667, 'completed', 50, NULL, NULL, NULL, '');
INSERT INTO `act_hi_taskinst` VALUES ('16', 'Leavebill:1:4', 'usertask2', '5', '5', '审批【上级领导】', NULL, NULL, NULL, '王五', '2020-08-09 09:24:49', NULL, '2020-08-09 13:22:27', 14258289, 'completed', 50, NULL, NULL, NULL, '');
INSERT INTO `act_hi_taskinst` VALUES ('2504', 'Leavebill:1:4', 'usertask3', '5', '5', '审批【上上级领导】', NULL, NULL, NULL, '李四', '2020-08-09 13:22:27', NULL, '2020-08-09 14:26:23', 3836892, 'completed', 50, NULL, NULL, NULL, '');
INSERT INTO `act_hi_taskinst` VALUES ('2515', 'Leavebill:1:4', 'usertask1', '2509', '2509', '提交申请', NULL, NULL, NULL, '刘八', '2020-08-09 14:26:48', NULL, '2020-08-09 16:23:59', 7031206, 'completed', 50, NULL, NULL, NULL, '');
INSERT INTO `act_hi_taskinst` VALUES ('5005', 'Leavebill:1:4', 'usertask2', '2509', '2509', '审批【上级领导】', NULL, NULL, NULL, '王五', '2020-08-09 16:23:59', NULL, '2020-08-09 16:24:27', 28925, 'completed', 50, NULL, NULL, NULL, '');
INSERT INTO `act_hi_taskinst` VALUES ('5010', 'Leavebill:1:4', 'usertask3', '2509', '2509', '审批【上上级领导】', NULL, NULL, NULL, '李四', '2020-08-09 16:24:27', NULL, '2020-08-19 09:52:42', 840495677, 'completed', 50, NULL, NULL, NULL, '');
INSERT INTO `act_hi_taskinst` VALUES ('5016', 'Leavebill:1:4', 'usertask1', '5011', '5011', '提交申请', NULL, NULL, NULL, '刘八', '2020-08-09 16:50:54', NULL, '2020-08-09 16:52:53', 119820, 'completed', 50, NULL, NULL, NULL, '');
INSERT INTO `act_hi_taskinst` VALUES ('5022', 'Leavebill:1:4', 'usertask2', '5011', '5011', '审批【上级领导】', NULL, NULL, NULL, '王五', '2020-08-09 16:52:53', NULL, '2020-08-19 09:52:01', 838748751, 'completed', 50, NULL, NULL, NULL, '');
INSERT INTO `act_hi_taskinst` VALUES ('7506', 'Leavebill:1:4', 'usertask1', '7501', '7501', '提交申请', NULL, NULL, NULL, '王五', '2020-08-10 13:07:39', NULL, '2020-08-10 13:08:20', 41551, 'completed', 50, NULL, NULL, NULL, '');
INSERT INTO `act_hi_taskinst` VALUES ('7512', 'Leavebill:1:4', 'usertask2', '7501', '7501', '审批【上级领导】', NULL, NULL, NULL, '李四', '2020-08-10 13:08:20', NULL, '2020-08-19 09:52:50', 765870655, 'completed', 50, NULL, NULL, NULL, '');

-- ----------------------------
-- Table structure for act_hi_varinst
-- ----------------------------
DROP TABLE IF EXISTS `act_hi_varinst`;
CREATE TABLE `act_hi_varinst`  (
  `ID_` varchar(64) CHARACTER SET utf8 COLLATE utf8_bin NOT NULL,
  `PROC_INST_ID_` varchar(64) CHARACTER SET utf8 COLLATE utf8_bin DEFAULT NULL,
  `EXECUTION_ID_` varchar(64) CHARACTER SET utf8 COLLATE utf8_bin DEFAULT NULL,
  `TASK_ID_` varchar(64) CHARACTER SET utf8 COLLATE utf8_bin DEFAULT NULL,
  `NAME_` varchar(255) CHARACTER SET utf8 COLLATE utf8_bin NOT NULL,
  `VAR_TYPE_` varchar(100) CHARACTER SET utf8 COLLATE utf8_bin DEFAULT NULL,
  `REV_` int(11) DEFAULT NULL,
  `BYTEARRAY_ID_` varchar(64) CHARACTER SET utf8 COLLATE utf8_bin DEFAULT NULL,
  `DOUBLE_` double DEFAULT NULL,
  `LONG_` bigint(20) DEFAULT NULL,
  `TEXT_` varchar(4000) CHARACTER SET utf8 COLLATE utf8_bin DEFAULT NULL,
  `TEXT2_` varchar(4000) CHARACTER SET utf8 COLLATE utf8_bin DEFAULT NULL,
  `CREATE_TIME_` datetime(0) DEFAULT NULL,
  `LAST_UPDATED_TIME_` datetime(0) DEFAULT NULL,
  PRIMARY KEY (`ID_`) USING BTREE,
  INDEX `ACT_IDX_HI_PROCVAR_PROC_INST`(`PROC_INST_ID_`) USING BTREE,
  INDEX `ACT_IDX_HI_PROCVAR_NAME_TYPE`(`NAME_`, `VAR_TYPE_`) USING BTREE,
  INDEX `ACT_IDX_HI_PROCVAR_TASK_ID`(`TASK_ID_`) USING BTREE
) ENGINE = InnoDB CHARACTER SET = utf8 COLLATE = utf8_bin ROW_FORMAT = Dynamic;

-- ----------------------------
-- Records of act_hi_varinst
-- ----------------------------
INSERT INTO `act_hi_varinst` VALUES ('10003', '10001', '10001', NULL, 'username', 'string', 1, NULL, NULL, NULL, '刘八', NULL, '2020-08-11 10:29:49', '2020-08-19 09:52:38');
INSERT INTO `act_hi_varinst` VALUES ('10009', '10001', '10001', NULL, 'outcome', 'string', 2, NULL, NULL, NULL, '同意', NULL, '2020-08-11 10:29:59', '2020-08-19 09:52:38');
INSERT INTO `act_hi_varinst` VALUES ('12503', '12501', '12501', NULL, 'username', 'string', 1, NULL, NULL, NULL, '刘八', NULL, '2020-08-19 09:51:25', '2020-08-19 09:52:40');
INSERT INTO `act_hi_varinst` VALUES ('12509', '12501', '12501', NULL, 'outcome', 'string', 2, NULL, NULL, NULL, '同意', NULL, '2020-08-19 09:51:42', '2020-08-19 09:52:40');
INSERT INTO `act_hi_varinst` VALUES ('13', '5', '5', NULL, 'outcome', 'string', 2, NULL, NULL, NULL, '同意', NULL, '2020-08-09 09:24:49', '2020-08-09 14:26:23');
INSERT INTO `act_hi_varinst` VALUES ('15003', '15001', '15001', NULL, 'username', 'string', 1, NULL, NULL, NULL, '刘八', NULL, '2020-08-19 16:13:37', '2020-08-19 16:15:26');
INSERT INTO `act_hi_varinst` VALUES ('15009', '15001', '15001', NULL, 'outcome', 'string', 2, NULL, NULL, NULL, '同意', NULL, '2020-08-19 16:14:07', '2020-08-19 16:15:26');
INSERT INTO `act_hi_varinst` VALUES ('2512', '2509', '2509', NULL, 'username', 'string', 1, NULL, NULL, NULL, '刘八', NULL, '2020-08-09 14:26:48', '2020-08-19 09:52:42');
INSERT INTO `act_hi_varinst` VALUES ('5002', '2509', '2509', NULL, 'outcome', 'string', 2, NULL, NULL, NULL, '同意', NULL, '2020-08-09 16:23:59', '2020-08-19 09:52:42');
INSERT INTO `act_hi_varinst` VALUES ('5013', '5011', '5011', NULL, 'username', 'string', 1, NULL, NULL, NULL, '刘八', NULL, '2020-08-09 16:50:54', '2020-08-19 09:53:17');
INSERT INTO `act_hi_varinst` VALUES ('5019', '5011', '5011', NULL, 'outcome', 'string', 2, NULL, NULL, NULL, '放弃', NULL, '2020-08-09 16:52:53', '2020-08-19 09:53:17');
INSERT INTO `act_hi_varinst` VALUES ('7', '5', '5', NULL, 'username', 'string', 1, NULL, NULL, NULL, '刘八', NULL, '2020-08-09 09:24:27', '2020-08-09 14:26:23');
INSERT INTO `act_hi_varinst` VALUES ('7503', '7501', '7501', NULL, 'username', 'string', 0, NULL, NULL, NULL, '王五', NULL, '2020-08-10 13:07:39', '2020-08-10 13:07:39');
INSERT INTO `act_hi_varinst` VALUES ('7509', '7501', '7501', NULL, 'outcome', 'string', 1, NULL, NULL, NULL, '驳回', NULL, '2020-08-10 13:08:20', '2020-08-19 09:52:50');

-- ----------------------------
-- Table structure for act_id_group
-- ----------------------------
DROP TABLE IF EXISTS `act_id_group`;
CREATE TABLE `act_id_group`  (
  `ID_` varchar(64) CHARACTER SET utf8 COLLATE utf8_bin NOT NULL DEFAULT '',
  `REV_` int(11) DEFAULT NULL,
  `NAME_` varchar(255) CHARACTER SET utf8 COLLATE utf8_bin DEFAULT NULL,
  `TYPE_` varchar(255) CHARACTER SET utf8 COLLATE utf8_bin DEFAULT NULL,
  PRIMARY KEY (`ID_`) USING BTREE
) ENGINE = InnoDB CHARACTER SET = utf8 COLLATE = utf8_bin ROW_FORMAT = Dynamic;

-- ----------------------------
-- Table structure for act_id_info
-- ----------------------------
DROP TABLE IF EXISTS `act_id_info`;
CREATE TABLE `act_id_info`  (
  `ID_` varchar(64) CHARACTER SET utf8 COLLATE utf8_bin NOT NULL DEFAULT '',
  `REV_` int(11) DEFAULT NULL,
  `USER_ID_` varchar(64) CHARACTER SET utf8 COLLATE utf8_bin DEFAULT NULL,
  `TYPE_` varchar(64) CHARACTER SET utf8 COLLATE utf8_bin DEFAULT NULL,
  `KEY_` varchar(255) CHARACTER SET utf8 COLLATE utf8_bin DEFAULT NULL,
  `VALUE_` varchar(255) CHARACTER SET utf8 COLLATE utf8_bin DEFAULT NULL,
  `PASSWORD_` longblob,
  `PARENT_ID_` varchar(255) CHARACTER SET utf8 COLLATE utf8_bin DEFAULT NULL,
  PRIMARY KEY (`ID_`) USING BTREE
) ENGINE = InnoDB CHARACTER SET = utf8 COLLATE = utf8_bin ROW_FORMAT = Dynamic;

-- ----------------------------
-- Table structure for act_id_membership
-- ----------------------------
DROP TABLE IF EXISTS `act_id_membership`;
CREATE TABLE `act_id_membership`  (
  `USER_ID_` varchar(64) CHARACTER SET utf8 COLLATE utf8_bin NOT NULL DEFAULT '',
  `GROUP_ID_` varchar(64) CHARACTER SET utf8 COLLATE utf8_bin NOT NULL DEFAULT '',
  PRIMARY KEY (`USER_ID_`, `GROUP_ID_`) USING BTREE,
  INDEX `ACT_FK_MEMB_GROUP`(`GROUP_ID_`) USING BTREE,
  CONSTRAINT `ACT_FK_MEMB_GROUP` FOREIGN KEY (`GROUP_ID_`) REFERENCES `act_id_group` (`ID_`) ON DELETE RESTRICT ON UPDATE RESTRICT,
  CONSTRAINT `ACT_FK_MEMB_USER` FOREIGN KEY (`USER_ID_`) REFERENCES `act_id_user` (`ID_`) ON DELETE RESTRICT ON UPDATE RESTRICT
) ENGINE = InnoDB CHARACTER SET = utf8 COLLATE = utf8_bin ROW_FORMAT = Dynamic;

-- ----------------------------
-- Table structure for act_id_user
-- ----------------------------
DROP TABLE IF EXISTS `act_id_user`;
CREATE TABLE `act_id_user`  (
  `ID_` varchar(64) CHARACTER SET utf8 COLLATE utf8_bin NOT NULL DEFAULT '',
  `REV_` int(11) DEFAULT NULL,
  `FIRST_` varchar(255) CHARACTER SET utf8 COLLATE utf8_bin DEFAULT NULL,
  `LAST_` varchar(255) CHARACTER SET utf8 COLLATE utf8_bin DEFAULT NULL,
  `EMAIL_` varchar(255) CHARACTER SET utf8 COLLATE utf8_bin DEFAULT NULL,
  `PWD_` varchar(255) CHARACTER SET utf8 COLLATE utf8_bin DEFAULT NULL,
  `PICTURE_ID_` varchar(64) CHARACTER SET utf8 COLLATE utf8_bin DEFAULT NULL,
  PRIMARY KEY (`ID_`) USING BTREE
) ENGINE = InnoDB CHARACTER SET = utf8 COLLATE = utf8_bin ROW_FORMAT = Dynamic;

-- ----------------------------
-- Table structure for act_procdef_info
-- ----------------------------
DROP TABLE IF EXISTS `act_procdef_info`;
CREATE TABLE `act_procdef_info`  (
  `ID_` varchar(64) CHARACTER SET utf8 COLLATE utf8_bin NOT NULL,
  `PROC_DEF_ID_` varchar(64) CHARACTER SET utf8 COLLATE utf8_bin NOT NULL,
  `REV_` int(11) DEFAULT NULL,
  `INFO_JSON_ID_` varchar(64) CHARACTER SET utf8 COLLATE utf8_bin DEFAULT NULL,
  PRIMARY KEY (`ID_`) USING BTREE,
  UNIQUE INDEX `ACT_UNIQ_INFO_PROCDEF`(`PROC_DEF_ID_`) USING BTREE,
  INDEX `ACT_IDX_INFO_PROCDEF`(`PROC_DEF_ID_`) USING BTREE,
  INDEX `ACT_FK_INFO_JSON_BA`(`INFO_JSON_ID_`) USING BTREE,
  CONSTRAINT `ACT_FK_INFO_JSON_BA` FOREIGN KEY (`INFO_JSON_ID_`) REFERENCES `act_ge_bytearray` (`ID_`) ON DELETE RESTRICT ON UPDATE RESTRICT,
  CONSTRAINT `ACT_FK_INFO_PROCDEF` FOREIGN KEY (`PROC_DEF_ID_`) REFERENCES `act_re_procdef` (`ID_`) ON DELETE RESTRICT ON UPDATE RESTRICT
) ENGINE = InnoDB CHARACTER SET = utf8 COLLATE = utf8_bin ROW_FORMAT = Dynamic;

-- ----------------------------
-- Table structure for act_re_deployment
-- ----------------------------
DROP TABLE IF EXISTS `act_re_deployment`;
CREATE TABLE `act_re_deployment`  (
  `ID_` varchar(64) CHARACTER SET utf8 COLLATE utf8_bin NOT NULL DEFAULT '',
  `NAME_` varchar(255) CHARACTER SET utf8 COLLATE utf8_bin DEFAULT NULL,
  `CATEGORY_` varchar(255) CHARACTER SET utf8 COLLATE utf8_bin DEFAULT NULL,
  `TENANT_ID_` varchar(255) CHARACTER SET utf8 COLLATE utf8_bin DEFAULT '',
  `DEPLOY_TIME_` timestamp(0) DEFAULT NULL,
  PRIMARY KEY (`ID_`) USING BTREE
) ENGINE = InnoDB CHARACTER SET = utf8 COLLATE = utf8_bin ROW_FORMAT = Dynamic;

-- ----------------------------
-- Records of act_re_deployment
-- ----------------------------
INSERT INTO `act_re_deployment` VALUES ('1', '请假流程', NULL, '', '2020-08-09 09:23:15');

-- ----------------------------
-- Table structure for act_re_model
-- ----------------------------
DROP TABLE IF EXISTS `act_re_model`;
CREATE TABLE `act_re_model`  (
  `ID_` varchar(64) CHARACTER SET utf8 COLLATE utf8_bin NOT NULL,
  `REV_` int(11) DEFAULT NULL,
  `NAME_` varchar(255) CHARACTER SET utf8 COLLATE utf8_bin DEFAULT NULL,
  `KEY_` varchar(255) CHARACTER SET utf8 COLLATE utf8_bin DEFAULT NULL,
  `CATEGORY_` varchar(255) CHARACTER SET utf8 COLLATE utf8_bin DEFAULT NULL,
  `CREATE_TIME_` timestamp(0) DEFAULT NULL,
  `LAST_UPDATE_TIME_` timestamp(0) DEFAULT NULL,
  `VERSION_` int(11) DEFAULT NULL,
  `META_INFO_` varchar(4000) CHARACTER SET utf8 COLLATE utf8_bin DEFAULT NULL,
  `DEPLOYMENT_ID_` varchar(64) CHARACTER SET utf8 COLLATE utf8_bin DEFAULT NULL,
  `EDITOR_SOURCE_VALUE_ID_` varchar(64) CHARACTER SET utf8 COLLATE utf8_bin DEFAULT NULL,
  `EDITOR_SOURCE_EXTRA_VALUE_ID_` varchar(64) CHARACTER SET utf8 COLLATE utf8_bin DEFAULT NULL,
  `TENANT_ID_` varchar(255) CHARACTER SET utf8 COLLATE utf8_bin DEFAULT '',
  PRIMARY KEY (`ID_`) USING BTREE,
  INDEX `ACT_FK_MODEL_SOURCE`(`EDITOR_SOURCE_VALUE_ID_`) USING BTREE,
  INDEX `ACT_FK_MODEL_SOURCE_EXTRA`(`EDITOR_SOURCE_EXTRA_VALUE_ID_`) USING BTREE,
  INDEX `ACT_FK_MODEL_DEPLOYMENT`(`DEPLOYMENT_ID_`) USING BTREE,
  CONSTRAINT `ACT_FK_MODEL_DEPLOYMENT` FOREIGN KEY (`DEPLOYMENT_ID_`) REFERENCES `act_re_deployment` (`ID_`) ON DELETE RESTRICT ON UPDATE RESTRICT,
  CONSTRAINT `ACT_FK_MODEL_SOURCE` FOREIGN KEY (`EDITOR_SOURCE_VALUE_ID_`) REFERENCES `act_ge_bytearray` (`ID_`) ON DELETE RESTRICT ON UPDATE RESTRICT,
  CONSTRAINT `ACT_FK_MODEL_SOURCE_EXTRA` FOREIGN KEY (`EDITOR_SOURCE_EXTRA_VALUE_ID_`) REFERENCES `act_ge_bytearray` (`ID_`) ON DELETE RESTRICT ON UPDATE RESTRICT
) ENGINE = InnoDB CHARACTER SET = utf8 COLLATE = utf8_bin ROW_FORMAT = Dynamic;

-- ----------------------------
-- Table structure for act_re_procdef
-- ----------------------------
DROP TABLE IF EXISTS `act_re_procdef`;
CREATE TABLE `act_re_procdef`  (
  `ID_` varchar(64) CHARACTER SET utf8 COLLATE utf8_bin NOT NULL,
  `REV_` int(11) DEFAULT NULL,
  `CATEGORY_` varchar(255) CHARACTER SET utf8 COLLATE utf8_bin DEFAULT NULL,
  `NAME_` varchar(255) CHARACTER SET utf8 COLLATE utf8_bin DEFAULT NULL,
  `KEY_` varchar(255) CHARACTER SET utf8 COLLATE utf8_bin NOT NULL,
  `VERSION_` int(11) NOT NULL,
  `DEPLOYMENT_ID_` varchar(64) CHARACTER SET utf8 COLLATE utf8_bin DEFAULT NULL,
  `RESOURCE_NAME_` varchar(4000) CHARACTER SET utf8 COLLATE utf8_bin DEFAULT NULL,
  `DGRM_RESOURCE_NAME_` varchar(4000) CHARACTER SET utf8 COLLATE utf8_bin DEFAULT NULL,
  `DESCRIPTION_` varchar(4000) CHARACTER SET utf8 COLLATE utf8_bin DEFAULT NULL,
  `HAS_START_FORM_KEY_` tinyint(4) DEFAULT NULL,
  `HAS_GRAPHICAL_NOTATION_` tinyint(4) DEFAULT NULL,
  `SUSPENSION_STATE_` int(11) DEFAULT NULL,
  `TENANT_ID_` varchar(255) CHARACTER SET utf8 COLLATE utf8_bin DEFAULT '',
  PRIMARY KEY (`ID_`) USING BTREE,
  UNIQUE INDEX `ACT_UNIQ_PROCDEF`(`KEY_`, `VERSION_`, `TENANT_ID_`) USING BTREE
) ENGINE = InnoDB CHARACTER SET = utf8 COLLATE = utf8_bin ROW_FORMAT = Dynamic;

-- ----------------------------
-- Records of act_re_procdef
-- ----------------------------
INSERT INTO `act_re_procdef` VALUES ('Leavebill:1:4', 1, 'http://www.activiti.org/test', 'Leavebill', 'Leavebill', 1, '1', 'Leavebill.bpmn', 'Leavebill.png', NULL, 0, 1, 1, '');

-- ----------------------------
-- Table structure for act_ru_event_subscr
-- ----------------------------
DROP TABLE IF EXISTS `act_ru_event_subscr`;
CREATE TABLE `act_ru_event_subscr`  (
  `ID_` varchar(64) CHARACTER SET utf8 COLLATE utf8_bin NOT NULL,
  `REV_` int(11) DEFAULT NULL,
  `EVENT_TYPE_` varchar(255) CHARACTER SET utf8 COLLATE utf8_bin NOT NULL,
  `EVENT_NAME_` varchar(255) CHARACTER SET utf8 COLLATE utf8_bin DEFAULT NULL,
  `EXECUTION_ID_` varchar(64) CHARACTER SET utf8 COLLATE utf8_bin DEFAULT NULL,
  `PROC_INST_ID_` varchar(64) CHARACTER SET utf8 COLLATE utf8_bin DEFAULT NULL,
  `ACTIVITY_ID_` varchar(64) CHARACTER SET utf8 COLLATE utf8_bin DEFAULT NULL,
  `CONFIGURATION_` varchar(255) CHARACTER SET utf8 COLLATE utf8_bin DEFAULT NULL,
  `CREATED_` timestamp(0) NOT NULL DEFAULT CURRENT_TIMESTAMP,
  `PROC_DEF_ID_` varchar(64) CHARACTER SET utf8 COLLATE utf8_bin DEFAULT NULL,
  `TENANT_ID_` varchar(255) CHARACTER SET utf8 COLLATE utf8_bin DEFAULT '',
  PRIMARY KEY (`ID_`) USING BTREE,
  INDEX `ACT_IDX_EVENT_SUBSCR_CONFIG_`(`CONFIGURATION_`) USING BTREE,
  INDEX `ACT_FK_EVENT_EXEC`(`EXECUTION_ID_`) USING BTREE,
  CONSTRAINT `ACT_FK_EVENT_EXEC` FOREIGN KEY (`EXECUTION_ID_`) REFERENCES `act_ru_execution` (`ID_`) ON DELETE RESTRICT ON UPDATE RESTRICT
) ENGINE = InnoDB CHARACTER SET = utf8 COLLATE = utf8_bin ROW_FORMAT = Dynamic;

-- ----------------------------
-- Table structure for act_ru_execution
-- ----------------------------
DROP TABLE IF EXISTS `act_ru_execution`;
CREATE TABLE `act_ru_execution`  (
  `ID_` varchar(64) CHARACTER SET utf8 COLLATE utf8_bin NOT NULL DEFAULT '',
  `REV_` int(11) DEFAULT NULL,
  `PROC_INST_ID_` varchar(64) CHARACTER SET utf8 COLLATE utf8_bin DEFAULT NULL,
  `BUSINESS_KEY_` varchar(255) CHARACTER SET utf8 COLLATE utf8_bin DEFAULT NULL,
  `PARENT_ID_` varchar(64) CHARACTER SET utf8 COLLATE utf8_bin DEFAULT NULL,
  `PROC_DEF_ID_` varchar(64) CHARACTER SET utf8 COLLATE utf8_bin DEFAULT NULL,
  `SUPER_EXEC_` varchar(64) CHARACTER SET utf8 COLLATE utf8_bin DEFAULT NULL,
  `ACT_ID_` varchar(255) CHARACTER SET utf8 COLLATE utf8_bin DEFAULT NULL,
  `IS_ACTIVE_` tinyint(4) DEFAULT NULL,
  `IS_CONCURRENT_` tinyint(4) DEFAULT NULL,
  `IS_SCOPE_` tinyint(4) DEFAULT NULL,
  `IS_EVENT_SCOPE_` tinyint(4) DEFAULT NULL,
  `SUSPENSION_STATE_` int(11) DEFAULT NULL,
  `CACHED_ENT_STATE_` int(11) DEFAULT NULL,
  `TENANT_ID_` varchar(255) CHARACTER SET utf8 COLLATE utf8_bin DEFAULT '',
  `NAME_` varchar(255) CHARACTER SET utf8 COLLATE utf8_bin DEFAULT NULL,
  `LOCK_TIME_` timestamp(0) DEFAULT NULL,
  PRIMARY KEY (`ID_`) USING BTREE,
  INDEX `ACT_IDX_EXEC_BUSKEY`(`BUSINESS_KEY_`) USING BTREE,
  INDEX `ACT_FK_EXE_PROCINST`(`PROC_INST_ID_`) USING BTREE,
  INDEX `ACT_FK_EXE_PARENT`(`PARENT_ID_`) USING BTREE,
  INDEX `ACT_FK_EXE_SUPER`(`SUPER_EXEC_`) USING BTREE,
  INDEX `ACT_FK_EXE_PROCDEF`(`PROC_DEF_ID_`) USING BTREE,
  CONSTRAINT `ACT_FK_EXE_PARENT` FOREIGN KEY (`PARENT_ID_`) REFERENCES `act_ru_execution` (`ID_`) ON DELETE RESTRICT ON UPDATE RESTRICT,
  CONSTRAINT `ACT_FK_EXE_PROCDEF` FOREIGN KEY (`PROC_DEF_ID_`) REFERENCES `act_re_procdef` (`ID_`) ON DELETE RESTRICT ON UPDATE RESTRICT,
  CONSTRAINT `ACT_FK_EXE_PROCINST` FOREIGN KEY (`PROC_INST_ID_`) REFERENCES `act_ru_execution` (`ID_`) ON DELETE CASCADE ON UPDATE CASCADE,
  CONSTRAINT `ACT_FK_EXE_SUPER` FOREIGN KEY (`SUPER_EXEC_`) REFERENCES `act_ru_execution` (`ID_`) ON DELETE RESTRICT ON UPDATE RESTRICT
) ENGINE = InnoDB CHARACTER SET = utf8 COLLATE = utf8_bin ROW_FORMAT = Dynamic;

-- ----------------------------
-- Records of act_ru_execution
-- ----------------------------
INSERT INTO `act_ru_execution` VALUES ('7501', 3, '7501', 'Leavebill:18', NULL, 'Leavebill:1:4', NULL, 'usertask1', 1, 0, 1, 0, 1, 2, '', NULL, NULL);

-- ----------------------------
-- Table structure for act_ru_identitylink
-- ----------------------------
DROP TABLE IF EXISTS `act_ru_identitylink`;
CREATE TABLE `act_ru_identitylink`  (
  `ID_` varchar(64) CHARACTER SET utf8 COLLATE utf8_bin NOT NULL DEFAULT '',
  `REV_` int(11) DEFAULT NULL,
  `GROUP_ID_` varchar(255) CHARACTER SET utf8 COLLATE utf8_bin DEFAULT NULL,
  `TYPE_` varchar(255) CHARACTER SET utf8 COLLATE utf8_bin DEFAULT NULL,
  `USER_ID_` varchar(255) CHARACTER SET utf8 COLLATE utf8_bin DEFAULT NULL,
  `TASK_ID_` varchar(64) CHARACTER SET utf8 COLLATE utf8_bin DEFAULT NULL,
  `PROC_INST_ID_` varchar(64) CHARACTER SET utf8 COLLATE utf8_bin DEFAULT NULL,
  `PROC_DEF_ID_` varchar(64) CHARACTER SET utf8 COLLATE utf8_bin DEFAULT NULL,
  PRIMARY KEY (`ID_`) USING BTREE,
  INDEX `ACT_IDX_IDENT_LNK_USER`(`USER_ID_`) USING BTREE,
  INDEX `ACT_IDX_IDENT_LNK_GROUP`(`GROUP_ID_`) USING BTREE,
  INDEX `ACT_IDX_ATHRZ_PROCEDEF`(`PROC_DEF_ID_`) USING BTREE,
  INDEX `ACT_FK_TSKASS_TASK`(`TASK_ID_`) USING BTREE,
  INDEX `ACT_FK_IDL_PROCINST`(`PROC_INST_ID_`) USING BTREE,
  CONSTRAINT `ACT_FK_ATHRZ_PROCEDEF` FOREIGN KEY (`PROC_DEF_ID_`) REFERENCES `act_re_procdef` (`ID_`) ON DELETE RESTRICT ON UPDATE RESTRICT,
  CONSTRAINT `ACT_FK_IDL_PROCINST` FOREIGN KEY (`PROC_INST_ID_`) REFERENCES `act_ru_execution` (`ID_`) ON DELETE RESTRICT ON UPDATE RESTRICT,
  CONSTRAINT `ACT_FK_TSKASS_TASK` FOREIGN KEY (`TASK_ID_`) REFERENCES `act_ru_task` (`ID_`) ON DELETE RESTRICT ON UPDATE RESTRICT
) ENGINE = InnoDB CHARACTER SET = utf8 COLLATE = utf8_bin ROW_FORMAT = Dynamic;

-- ----------------------------
-- Records of act_ru_identitylink
-- ----------------------------
INSERT INTO `act_ru_identitylink` VALUES ('7507', 1, NULL, 'participant', '王五', NULL, '7501', NULL);
INSERT INTO `act_ru_identitylink` VALUES ('7513', 1, NULL, 'participant', '李四', NULL, '7501', NULL);

-- ----------------------------
-- Table structure for act_ru_job
-- ----------------------------
DROP TABLE IF EXISTS `act_ru_job`;
CREATE TABLE `act_ru_job`  (
  `ID_` varchar(64) CHARACTER SET utf8 COLLATE utf8_bin NOT NULL,
  `REV_` int(11) DEFAULT NULL,
  `TYPE_` varchar(255) CHARACTER SET utf8 COLLATE utf8_bin NOT NULL,
  `LOCK_EXP_TIME_` timestamp(0) DEFAULT NULL,
  `LOCK_OWNER_` varchar(255) CHARACTER SET utf8 COLLATE utf8_bin DEFAULT NULL,
  `EXCLUSIVE_` tinyint(1) DEFAULT NULL,
  `EXECUTION_ID_` varchar(64) CHARACTER SET utf8 COLLATE utf8_bin DEFAULT NULL,
  `PROCESS_INSTANCE_ID_` varchar(64) CHARACTER SET utf8 COLLATE utf8_bin DEFAULT NULL,
  `PROC_DEF_ID_` varchar(64) CHARACTER SET utf8 COLLATE utf8_bin DEFAULT NULL,
  `RETRIES_` int(11) DEFAULT NULL,
  `EXCEPTION_STACK_ID_` varchar(64) CHARACTER SET utf8 COLLATE utf8_bin DEFAULT NULL,
  `EXCEPTION_MSG_` varchar(4000) CHARACTER SET utf8 COLLATE utf8_bin DEFAULT NULL,
  `DUEDATE_` timestamp(0) DEFAULT NULL,
  `REPEAT_` varchar(255) CHARACTER SET utf8 COLLATE utf8_bin DEFAULT NULL,
  `HANDLER_TYPE_` varchar(255) CHARACTER SET utf8 COLLATE utf8_bin DEFAULT NULL,
  `HANDLER_CFG_` varchar(4000) CHARACTER SET utf8 COLLATE utf8_bin DEFAULT NULL,
  `TENANT_ID_` varchar(255) CHARACTER SET utf8 COLLATE utf8_bin DEFAULT '',
  PRIMARY KEY (`ID_`) USING BTREE,
  INDEX `ACT_FK_JOB_EXCEPTION`(`EXCEPTION_STACK_ID_`) USING BTREE,
  CONSTRAINT `ACT_FK_JOB_EXCEPTION` FOREIGN KEY (`EXCEPTION_STACK_ID_`) REFERENCES `act_ge_bytearray` (`ID_`) ON DELETE RESTRICT ON UPDATE RESTRICT
) ENGINE = InnoDB CHARACTER SET = utf8 COLLATE = utf8_bin ROW_FORMAT = Dynamic;

-- ----------------------------
-- Table structure for act_ru_task
-- ----------------------------
DROP TABLE IF EXISTS `act_ru_task`;
CREATE TABLE `act_ru_task`  (
  `ID_` varchar(64) CHARACTER SET utf8 COLLATE utf8_bin NOT NULL DEFAULT '',
  `REV_` int(11) DEFAULT NULL,
  `EXECUTION_ID_` varchar(64) CHARACTER SET utf8 COLLATE utf8_bin DEFAULT NULL,
  `PROC_INST_ID_` varchar(64) CHARACTER SET utf8 COLLATE utf8_bin DEFAULT NULL,
  `PROC_DEF_ID_` varchar(64) CHARACTER SET utf8 COLLATE utf8_bin DEFAULT NULL,
  `NAME_` varchar(255) CHARACTER SET utf8 COLLATE utf8_bin DEFAULT NULL,
  `PARENT_TASK_ID_` varchar(64) CHARACTER SET utf8 COLLATE utf8_bin DEFAULT NULL,
  `DESCRIPTION_` varchar(4000) CHARACTER SET utf8 COLLATE utf8_bin DEFAULT NULL,
  `TASK_DEF_KEY_` varchar(255) CHARACTER SET utf8 COLLATE utf8_bin DEFAULT NULL,
  `OWNER_` varchar(255) CHARACTER SET utf8 COLLATE utf8_bin DEFAULT NULL,
  `ASSIGNEE_` varchar(255) CHARACTER SET utf8 COLLATE utf8_bin DEFAULT NULL,
  `DELEGATION_` varchar(64) CHARACTER SET utf8 COLLATE utf8_bin DEFAULT NULL,
  `PRIORITY_` int(11) DEFAULT NULL,
  `CREATE_TIME_` timestamp(0) DEFAULT NULL,
  `DUE_DATE_` datetime(0) DEFAULT NULL,
  `CATEGORY_` varchar(255) CHARACTER SET utf8 COLLATE utf8_bin DEFAULT NULL,
  `SUSPENSION_STATE_` int(11) DEFAULT NULL,
  `TENANT_ID_` varchar(255) CHARACTER SET utf8 COLLATE utf8_bin DEFAULT '',
  `FORM_KEY_` varchar(255) CHARACTER SET utf8 COLLATE utf8_bin DEFAULT NULL,
  PRIMARY KEY (`ID_`) USING BTREE,
  INDEX `ACT_IDX_TASK_CREATE`(`CREATE_TIME_`) USING BTREE,
  INDEX `ACT_FK_TASK_EXE`(`EXECUTION_ID_`) USING BTREE,
  INDEX `ACT_FK_TASK_PROCINST`(`PROC_INST_ID_`) USING BTREE,
  INDEX `ACT_FK_TASK_PROCDEF`(`PROC_DEF_ID_`) USING BTREE,
  CONSTRAINT `ACT_FK_TASK_EXE` FOREIGN KEY (`EXECUTION_ID_`) REFERENCES `act_ru_execution` (`ID_`) ON DELETE RESTRICT ON UPDATE RESTRICT,
  CONSTRAINT `ACT_FK_TASK_PROCDEF` FOREIGN KEY (`PROC_DEF_ID_`) REFERENCES `act_re_procdef` (`ID_`) ON DELETE RESTRICT ON UPDATE RESTRICT,
  CONSTRAINT `ACT_FK_TASK_PROCINST` FOREIGN KEY (`PROC_INST_ID_`) REFERENCES `act_ru_execution` (`ID_`) ON DELETE RESTRICT ON UPDATE RESTRICT
) ENGINE = InnoDB CHARACTER SET = utf8 COLLATE = utf8_bin ROW_FORMAT = Dynamic;

-- ----------------------------
-- Records of act_ru_task
-- ----------------------------
INSERT INTO `act_ru_task` VALUES ('12539', 1, '7501', '7501', 'Leavebill:1:4', '提交申请', NULL, NULL, 'usertask1', NULL, '王五', NULL, 50, '2020-08-19 09:52:50', NULL, NULL, 1, '', NULL);

-- ----------------------------
-- Table structure for act_ru_variable
-- ----------------------------
DROP TABLE IF EXISTS `act_ru_variable`;
CREATE TABLE `act_ru_variable`  (
  `ID_` varchar(64) CHARACTER SET utf8 COLLATE utf8_bin NOT NULL,
  `REV_` int(11) DEFAULT NULL,
  `TYPE_` varchar(255) CHARACTER SET utf8 COLLATE utf8_bin NOT NULL,
  `NAME_` varchar(255) CHARACTER SET utf8 COLLATE utf8_bin NOT NULL,
  `EXECUTION_ID_` varchar(64) CHARACTER SET utf8 COLLATE utf8_bin DEFAULT NULL,
  `PROC_INST_ID_` varchar(64) CHARACTER SET utf8 COLLATE utf8_bin DEFAULT NULL,
  `TASK_ID_` varchar(64) CHARACTER SET utf8 COLLATE utf8_bin DEFAULT NULL,
  `BYTEARRAY_ID_` varchar(64) CHARACTER SET utf8 COLLATE utf8_bin DEFAULT NULL,
  `DOUBLE_` double DEFAULT NULL,
  `LONG_` bigint(20) DEFAULT NULL,
  `TEXT_` varchar(4000) CHARACTER SET utf8 COLLATE utf8_bin DEFAULT NULL,
  `TEXT2_` varchar(4000) CHARACTER SET utf8 COLLATE utf8_bin DEFAULT NULL,
  PRIMARY KEY (`ID_`) USING BTREE,
  INDEX `ACT_IDX_VARIABLE_TASK_ID`(`TASK_ID_`) USING BTREE,
  INDEX `ACT_FK_VAR_EXE`(`EXECUTION_ID_`) USING BTREE,
  INDEX `ACT_FK_VAR_PROCINST`(`PROC_INST_ID_`) USING BTREE,
  INDEX `ACT_FK_VAR_BYTEARRAY`(`BYTEARRAY_ID_`) USING BTREE,
  CONSTRAINT `ACT_FK_VAR_BYTEARRAY` FOREIGN KEY (`BYTEARRAY_ID_`) REFERENCES `act_ge_bytearray` (`ID_`) ON DELETE RESTRICT ON UPDATE RESTRICT,
  CONSTRAINT `ACT_FK_VAR_EXE` FOREIGN KEY (`EXECUTION_ID_`) REFERENCES `act_ru_execution` (`ID_`) ON DELETE RESTRICT ON UPDATE RESTRICT,
  CONSTRAINT `ACT_FK_VAR_PROCINST` FOREIGN KEY (`PROC_INST_ID_`) REFERENCES `act_ru_execution` (`ID_`) ON DELETE RESTRICT ON UPDATE RESTRICT
) ENGINE = InnoDB CHARACTER SET = utf8 COLLATE = utf8_bin ROW_FORMAT = Dynamic;

-- ----------------------------
-- Records of act_ru_variable
-- ----------------------------
INSERT INTO `act_ru_variable` VALUES ('7503', 1, 'string', 'username', '7501', '7501', NULL, NULL, NULL, NULL, '王五', NULL);
INSERT INTO `act_ru_variable` VALUES ('7509', 2, 'string', 'outcome', '7501', '7501', NULL, NULL, NULL, NULL, '驳回', NULL);

-- ----------------------------
-- Table structure for sys_dept
-- ----------------------------
DROP TABLE IF EXISTS `sys_dept`;
CREATE TABLE `sys_dept`  (
  `id` int(11) NOT NULL AUTO_INCREMENT,
  `pid` int(11) DEFAULT NULL,
  `title` varchar(255) CHARACTER SET utf8 COLLATE utf8_general_ci DEFAULT NULL,
  `open` int(11) DEFAULT NULL,
  `remark` varchar(255) CHARACTER SET utf8 COLLATE utf8_general_ci DEFAULT NULL,
  `address` varchar(255) CHARACTER SET utf8 COLLATE utf8_general_ci DEFAULT NULL,
  `available` int(11) DEFAULT NULL COMMENT '状态【0不可用1可用】',
  `ordernum` int(11) DEFAULT NULL COMMENT '排序码【为了调事显示顺序】',
  `createtime` datetime(0) DEFAULT NULL,
  PRIMARY KEY (`id`) USING BTREE
) ENGINE = InnoDB AUTO_INCREMENT = 36 CHARACTER SET = utf8 COLLATE = utf8_general_ci ROW_FORMAT = Dynamic;

-- ----------------------------
-- Records of sys_dept
-- ----------------------------
INSERT INTO `sys_dept` VALUES (1, 0, '总经办', 1, '大BOSS1', '深圳', 1, 1, '2019-04-10 14:06:32');
INSERT INTO `sys_dept` VALUES (2, 1, '销售部', 0, '程序员屌丝', '武汉', 1, 2, '2019-04-10 14:06:32');
INSERT INTO `sys_dept` VALUES (3, 1, '运营部', 0, '无', '武汉', 1, 3, '2019-04-10 14:06:32');
INSERT INTO `sys_dept` VALUES (4, 1, '生产部', 0, '无', '武汉', 1, 4, '2019-04-10 14:06:32');
INSERT INTO `sys_dept` VALUES (5, 2, '销售一部', 0, '销售一部', '武汉', 1, 5, '2019-04-10 14:06:32');
INSERT INTO `sys_dept` VALUES (6, 2, '销售二部', 0, '销售二部', '武汉', 1, 6, '2019-04-10 14:06:32');
INSERT INTO `sys_dept` VALUES (7, 3, '运营一部', 0, '运营一部', '武汉', 1, 7, '2019-04-10 14:06:32');
INSERT INTO `sys_dept` VALUES (8, 2, '销售三部', 0, '销售三部', '11', 1, 8, '2019-04-10 14:06:32');
INSERT INTO `sys_dept` VALUES (9, 2, '销售四部', 0, '销售四部', '222', 1, 9, '2019-04-10 14:06:32');
INSERT INTO `sys_dept` VALUES (10, 2, '销售五部', 0, '销售五部', '33', 1, 10, '2019-04-10 14:06:32');
INSERT INTO `sys_dept` VALUES (35, 4, '123', 1, '123', '123', 1, 11, '2020-07-28 12:15:37');

-- ----------------------------
-- Table structure for sys_leavebill
-- ----------------------------
DROP TABLE IF EXISTS `sys_leavebill`;
CREATE TABLE `sys_leavebill`  (
  `id` int(11) NOT NULL AUTO_INCREMENT,
  `title` varchar(255) CHARACTER SET utf8 COLLATE utf8_general_ci DEFAULT NULL,
  `content` varchar(255) CHARACTER SET utf8 COLLATE utf8_general_ci DEFAULT NULL,
  `days` double(255, 0) DEFAULT NULL,
  `leavetime` datetime(0) DEFAULT NULL,
  `state` varchar(255) CHARACTER SET utf8 COLLATE utf8_general_ci DEFAULT NULL COMMENT '0未提交 1审批中 2审批完成 3已放弃',
  `userid` int(11) DEFAULT NULL,
  PRIMARY KEY (`id`) USING BTREE
) ENGINE = InnoDB AUTO_INCREMENT = 22 CHARACTER SET = utf8 COLLATE = utf8_general_ci ROW_FORMAT = Dynamic;

-- ----------------------------
-- Records of sys_leavebill
-- ----------------------------
INSERT INTO `sys_leavebill` VALUES (15, '刘八的请假单', '生病了', 2, '2020-08-09 00:00:00', '2', 6);
INSERT INTO `sys_leavebill` VALUES (18, '王五的请假单', '生病了', 1, '2020-08-10 00:00:00', '1', 3);
INSERT INTO `sys_leavebill` VALUES (19, '刘八的请假单', '1', 2, '2020-08-11 00:00:00', '2', 6);
INSERT INTO `sys_leavebill` VALUES (20, '刘八的请假单', '回家相亲', 2, '2020-08-19 00:00:01', '2', 6);
INSERT INTO `sys_leavebill` VALUES (21, '刘八的请假单', 'shengbing', 1, '2020-08-19 00:00:00', '2', 6);

-- ----------------------------
-- Table structure for sys_loginfo
-- ----------------------------
DROP TABLE IF EXISTS `sys_loginfo`;
CREATE TABLE `sys_loginfo`  (
  `id` int(11) NOT NULL AUTO_INCREMENT,
  `loginname` varchar(255) CHARACTER SET utf8 COLLATE utf8_general_ci DEFAULT NULL,
  `loginip` varchar(255) CHARACTER SET utf8 COLLATE utf8_general_ci DEFAULT NULL,
  `logintime` datetime(0) DEFAULT NULL,
  PRIMARY KEY (`id`) USING BTREE
) ENGINE = InnoDB AUTO_INCREMENT = 531 CHARACTER SET = utf8 COLLATE = utf8_general_ci ROW_FORMAT = Dynamic;

-- ----------------------------
-- Records of sys_loginfo
-- ----------------------------
INSERT INTO `sys_loginfo` VALUES (2, '超级管理员-system', '127.0.0.1', '2018-12-21 16:54:52');
INSERT INTO `sys_loginfo` VALUES (3, '超级管理员-system', '127.0.0.1', '2018-12-21 16:55:15');
INSERT INTO `sys_loginfo` VALUES (4, '超级管理员-system', '127.0.0.1', '2018-12-21 17:29:22');
INSERT INTO `sys_loginfo` VALUES (5, '超级管理员-system', '127.0.0.1', '2018-12-22 09:05:22');
INSERT INTO `sys_loginfo` VALUES (6, '超级管理员-system', '127.0.0.1', '2018-12-22 09:20:43');
INSERT INTO `sys_loginfo` VALUES (7, '超级管理员-system', '127.0.0.1', '2018-12-22 09:25:40');
INSERT INTO `sys_loginfo` VALUES (8, '超级管理员-system', '127.0.0.1', '2018-12-22 09:27:11');
INSERT INTO `sys_loginfo` VALUES (9, '超级管理员-system', '127.0.0.1', '2018-12-22 09:29:58');
INSERT INTO `sys_loginfo` VALUES (10, '超级管理员-system', '127.0.0.1', '2018-12-22 09:36:49');
INSERT INTO `sys_loginfo` VALUES (11, '超级管理员-system', '127.0.0.1', '2018-12-22 09:46:56');
INSERT INTO `sys_loginfo` VALUES (12, '超级管理员-system', '127.0.0.1', '2018-12-22 09:48:29');
INSERT INTO `sys_loginfo` VALUES (13, '超级管理员-system', '127.0.0.1', '2018-12-22 09:49:13');
INSERT INTO `sys_loginfo` VALUES (14, '超级管理员-system', '127.0.0.1', '2018-12-22 09:49:57');
INSERT INTO `sys_loginfo` VALUES (15, '超级管理员-system', '127.0.0.1', '2018-12-22 09:57:46');
INSERT INTO `sys_loginfo` VALUES (16, '超级管理员-system', '127.0.0.1', '2018-12-22 10:21:53');
INSERT INTO `sys_loginfo` VALUES (17, '超级管理员-system', '127.0.0.1', '2018-12-22 10:38:25');
INSERT INTO `sys_loginfo` VALUES (18, '超级管理员-system', '127.0.0.1', '2018-12-22 10:49:21');
INSERT INTO `sys_loginfo` VALUES (19, '超级管理员-system', '127.0.0.1', '2018-12-22 14:01:42');
INSERT INTO `sys_loginfo` VALUES (20, '超级管理员-system', '127.0.0.1', '2018-12-22 14:19:48');
INSERT INTO `sys_loginfo` VALUES (21, '超级管理员-system', '127.0.0.1', '2018-12-22 14:45:29');
INSERT INTO `sys_loginfo` VALUES (22, '超级管理员-system', '127.0.0.1', '2018-12-22 15:58:05');
INSERT INTO `sys_loginfo` VALUES (23, '超级管理员-system', '127.0.0.1', '2018-12-22 16:40:53');
INSERT INTO `sys_loginfo` VALUES (24, '超级管理员-system', '127.0.0.1', '2018-12-22 17:12:01');
INSERT INTO `sys_loginfo` VALUES (25, '超级管理员-system', '127.0.0.1', '2018-12-24 09:19:15');
INSERT INTO `sys_loginfo` VALUES (26, '超级管理员-system', '127.0.0.1', '2018-12-24 09:37:28');
INSERT INTO `sys_loginfo` VALUES (27, '超级管理员-system', '127.0.0.1', '2018-12-24 09:46:51');
INSERT INTO `sys_loginfo` VALUES (28, '超级管理员-system', '127.0.0.1', '2018-12-24 09:50:40');
INSERT INTO `sys_loginfo` VALUES (29, '超级管理员-system', '127.0.0.1', '2018-12-24 09:52:52');
INSERT INTO `sys_loginfo` VALUES (30, '超级管理员-system', '127.0.0.1', '2018-12-24 10:00:26');
INSERT INTO `sys_loginfo` VALUES (31, '超级管理员-system', '127.0.0.1', '2018-12-24 10:10:58');
INSERT INTO `sys_loginfo` VALUES (32, '超级管理员-system', '127.0.0.1', '2018-12-24 10:21:28');
INSERT INTO `sys_loginfo` VALUES (33, '超级管理员-system', '127.0.0.1', '2018-12-24 11:22:27');
INSERT INTO `sys_loginfo` VALUES (34, '超级管理员-system', '127.0.0.1', '2018-12-24 11:35:28');
INSERT INTO `sys_loginfo` VALUES (35, '超级管理员-system', '127.0.0.1', '2018-12-24 14:05:28');
INSERT INTO `sys_loginfo` VALUES (36, '超级管理员-system', '127.0.0.1', '2018-12-24 15:16:29');
INSERT INTO `sys_loginfo` VALUES (37, '李四-ls', '127.0.0.1', '2018-12-24 15:16:50');
INSERT INTO `sys_loginfo` VALUES (38, '王五-ww', '127.0.0.1', '2018-12-24 15:17:36');
INSERT INTO `sys_loginfo` VALUES (39, '赵六-zl', '127.0.0.1', '2018-12-24 15:17:47');
INSERT INTO `sys_loginfo` VALUES (40, '孙七-sq', '127.0.0.1', '2018-12-24 15:17:58');
INSERT INTO `sys_loginfo` VALUES (41, '刘八-lb', '127.0.0.1', '2018-12-24 15:18:09');
INSERT INTO `sys_loginfo` VALUES (42, '超级管理员-system', '127.0.0.1', '2018-12-24 15:34:59');
INSERT INTO `sys_loginfo` VALUES (43, '超级管理员-system', '127.0.0.1', '2018-12-24 15:35:09');
INSERT INTO `sys_loginfo` VALUES (44, '刘八-lb', '127.0.0.1', '2018-12-24 15:36:09');
INSERT INTO `sys_loginfo` VALUES (45, '刘八-lb', '127.0.0.1', '2018-12-24 15:42:58');
INSERT INTO `sys_loginfo` VALUES (46, '刘八-lb', '127.0.0.1', '2018-12-24 15:43:04');
INSERT INTO `sys_loginfo` VALUES (47, '超级管理员-system', '127.0.0.1', '2018-12-24 15:46:01');
INSERT INTO `sys_loginfo` VALUES (48, '超级管理员-system', '127.0.0.1', '2018-12-24 17:03:54');
INSERT INTO `sys_loginfo` VALUES (49, '超级管理员-system', '127.0.0.1', '2018-12-24 17:26:32');
INSERT INTO `sys_loginfo` VALUES (50, '超级管理员-system', '127.0.0.1', '2018-12-25 09:07:42');
INSERT INTO `sys_loginfo` VALUES (51, '超级管理员-system', '127.0.0.1', '2018-12-25 09:16:27');
INSERT INTO `sys_loginfo` VALUES (52, '超级管理员-system', '127.0.0.1', '2018-12-25 09:59:03');
INSERT INTO `sys_loginfo` VALUES (53, '超级管理员-system', '127.0.0.1', '2018-12-25 10:05:13');
INSERT INTO `sys_loginfo` VALUES (54, '超级管理员-system', '127.0.0.1', '2018-12-25 10:05:47');
INSERT INTO `sys_loginfo` VALUES (55, '超级管理员-system', '127.0.0.1', '2018-12-25 10:11:17');
INSERT INTO `sys_loginfo` VALUES (56, '超级管理员-system', '127.0.0.1', '2018-12-25 10:14:06');
INSERT INTO `sys_loginfo` VALUES (57, '超级管理员-system', '127.0.0.1', '2018-12-25 10:36:16');
INSERT INTO `sys_loginfo` VALUES (58, '超级管理员-system', '127.0.0.1', '2018-12-25 14:17:21');
INSERT INTO `sys_loginfo` VALUES (59, '超级管理员-system', '127.0.0.1', '2018-12-25 14:20:00');
INSERT INTO `sys_loginfo` VALUES (60, '超级管理员-system', '127.0.0.1', '2018-12-25 14:34:22');
INSERT INTO `sys_loginfo` VALUES (61, '超级管理员-system', '127.0.0.1', '2018-12-25 14:34:27');
INSERT INTO `sys_loginfo` VALUES (62, '超级管理员-system', '127.0.0.1', '2018-12-25 14:38:37');
INSERT INTO `sys_loginfo` VALUES (63, '超级管理员-system', '127.0.0.1', '2018-12-25 14:50:37');
INSERT INTO `sys_loginfo` VALUES (64, '超级管理员-system', '127.0.0.1', '2018-12-25 16:01:35');
INSERT INTO `sys_loginfo` VALUES (65, '超级管理员-system', '127.0.0.1', '2018-12-25 16:25:28');
INSERT INTO `sys_loginfo` VALUES (66, '超级管理员-system', '127.0.0.1', '2018-12-25 16:27:37');
INSERT INTO `sys_loginfo` VALUES (67, '超级管理员-system', '127.0.0.1', '2018-12-25 16:28:28');
INSERT INTO `sys_loginfo` VALUES (68, '超级管理员-system', '127.0.0.1', '2018-12-25 16:44:02');
INSERT INTO `sys_loginfo` VALUES (69, '超级管理员-system', '127.0.0.1', '2018-12-25 16:47:55');
INSERT INTO `sys_loginfo` VALUES (70, '超级管理员-system', '127.0.0.1', '2018-12-28 15:59:34');
INSERT INTO `sys_loginfo` VALUES (71, '超级管理员-system', '127.0.0.1', '2018-12-28 17:27:16');
INSERT INTO `sys_loginfo` VALUES (72, '超级管理员-system', '127.0.0.1', '2018-12-28 17:29:40');
INSERT INTO `sys_loginfo` VALUES (73, '超级管理员-system', '127.0.0.1', '2018-12-28 17:51:10');
INSERT INTO `sys_loginfo` VALUES (74, '超级管理员-system', '127.0.0.1', '2019-04-15 17:05:02');
INSERT INTO `sys_loginfo` VALUES (75, '超级管理员-system', '127.0.0.1', '2019-04-15 17:05:12');
INSERT INTO `sys_loginfo` VALUES (76, '超级管理员-system', '127.0.0.1', '2019-04-15 17:10:22');
INSERT INTO `sys_loginfo` VALUES (77, '刘八-lb', '127.0.0.1', '2019-04-15 17:11:45');
INSERT INTO `sys_loginfo` VALUES (78, '刘八-lb', '127.0.0.1', '2019-04-15 17:28:50');
INSERT INTO `sys_loginfo` VALUES (79, '超级管理员-system', '127.0.0.1', '2019-04-15 17:29:13');
INSERT INTO `sys_loginfo` VALUES (80, '刘八-lb', '127.0.0.1', '2019-04-15 17:30:59');
INSERT INTO `sys_loginfo` VALUES (81, '刘八-lb', '127.0.0.1', '2019-04-15 17:32:42');
INSERT INTO `sys_loginfo` VALUES (82, '刘八-lb', '127.0.0.1', '2019-04-15 17:33:48');
INSERT INTO `sys_loginfo` VALUES (83, '刘八-lb', '127.0.0.1', '2019-04-15 17:34:17');
INSERT INTO `sys_loginfo` VALUES (84, '超级管理员-system', '127.0.0.1', '2019-04-15 17:36:40');
INSERT INTO `sys_loginfo` VALUES (85, '超级管理员-system', '127.0.0.1', '2019-04-15 17:47:21');
INSERT INTO `sys_loginfo` VALUES (86, '超级管理员-system', '127.0.0.1', '2019-04-15 17:54:10');
INSERT INTO `sys_loginfo` VALUES (87, '超级管理员-system', '127.0.0.1', '2019-04-15 17:55:52');
INSERT INTO `sys_loginfo` VALUES (88, '超级管理员-system', '127.0.0.1', '2019-04-16 09:26:01');
INSERT INTO `sys_loginfo` VALUES (89, '超级管理员-system', '127.0.0.1', '2019-04-16 09:26:25');
INSERT INTO `sys_loginfo` VALUES (90, '超级管理员-system', '127.0.0.1', '2019-04-16 09:46:54');
INSERT INTO `sys_loginfo` VALUES (91, '超级管理员-system', '127.0.0.1', '2019-04-16 10:07:48');
INSERT INTO `sys_loginfo` VALUES (92, '超级管理员-system', '127.0.0.1', '2019-04-16 10:10:30');
INSERT INTO `sys_loginfo` VALUES (93, '超级管理员-system', '127.0.0.1', '2019-04-16 10:14:29');
INSERT INTO `sys_loginfo` VALUES (94, '超级管理员-system', '127.0.0.1', '2019-04-16 10:15:04');
INSERT INTO `sys_loginfo` VALUES (95, '超级管理员-system', '127.0.0.1', '2019-04-16 10:15:58');
INSERT INTO `sys_loginfo` VALUES (96, '超级管理员-system', '127.0.0.1', '2019-04-16 10:28:14');
INSERT INTO `sys_loginfo` VALUES (97, '超级管理员-system', '127.0.0.1', '2019-04-16 10:32:42');
INSERT INTO `sys_loginfo` VALUES (98, '超级管理员-system', '127.0.0.1', '2019-04-16 10:33:03');
INSERT INTO `sys_loginfo` VALUES (99, '超级管理员-system', '127.0.0.1', '2019-04-16 11:02:01');
INSERT INTO `sys_loginfo` VALUES (100, '超级管理员-system', '127.0.0.1', '2019-04-16 11:03:09');
INSERT INTO `sys_loginfo` VALUES (101, '超级管理员-system', '127.0.0.1', '2019-04-16 11:13:42');
INSERT INTO `sys_loginfo` VALUES (102, '超级管理员-system', '127.0.0.1', '2019-04-16 11:24:55');
INSERT INTO `sys_loginfo` VALUES (104, '超级管理员-system', '127.0.0.1', '2019-08-14 01:11:34');
INSERT INTO `sys_loginfo` VALUES (105, '超级管理员-system', '127.0.0.1', '2019-08-14 01:24:03');
INSERT INTO `sys_loginfo` VALUES (106, '李四-ls', '127.0.0.1', '2019-08-14 01:25:47');
INSERT INTO `sys_loginfo` VALUES (107, '李四-ls', '127.0.0.1', '2019-08-14 01:26:41');
INSERT INTO `sys_loginfo` VALUES (108, '孙七-sq', '127.0.0.1', '2019-08-14 01:28:22');
INSERT INTO `sys_loginfo` VALUES (109, '刘八-lb', '127.0.0.1', '2019-08-14 01:28:32');
INSERT INTO `sys_loginfo` VALUES (110, '超级管理员-system', '127.0.0.1', '2019-08-14 01:46:18');
INSERT INTO `sys_loginfo` VALUES (111, '超级管理员-system', '127.0.0.1', '2019-08-14 02:18:44');
INSERT INTO `sys_loginfo` VALUES (112, '超级管理员-system', '127.0.0.1', '2019-08-14 02:32:06');
INSERT INTO `sys_loginfo` VALUES (113, '李四-ls', '127.0.0.1', '2019-08-14 03:00:19');
INSERT INTO `sys_loginfo` VALUES (114, '李四-ls', '127.0.0.1', '2019-08-14 03:00:56');
INSERT INTO `sys_loginfo` VALUES (115, '李四-ls', '127.0.0.1', '2019-08-14 03:01:31');
INSERT INTO `sys_loginfo` VALUES (116, '李四-ls', '127.0.0.1', '2019-08-14 03:01:39');
INSERT INTO `sys_loginfo` VALUES (117, '李四-ls', '127.0.0.1', '2019-08-14 03:02:25');
INSERT INTO `sys_loginfo` VALUES (118, '李四-ls', '127.0.0.1', '2019-08-14 03:04:57');
INSERT INTO `sys_loginfo` VALUES (119, '李四-ls', '127.0.0.1', '2019-08-14 03:07:19');
INSERT INTO `sys_loginfo` VALUES (120, '李四-ls', '127.0.0.1', '2019-08-14 03:07:54');
INSERT INTO `sys_loginfo` VALUES (121, '超级管理员-system', '127.0.0.1', '2019-08-14 03:13:06');
INSERT INTO `sys_loginfo` VALUES (122, '李四-ls', '127.0.0.1', '2019-08-14 03:14:46');
INSERT INTO `sys_loginfo` VALUES (123, '超级管理员-system', '127.0.0.1', '2019-08-14 06:03:47');
INSERT INTO `sys_loginfo` VALUES (124, '超级管理员-system', '127.0.0.1', '2019-08-14 07:20:12');
INSERT INTO `sys_loginfo` VALUES (125, '超级管理员-system', '127.0.0.1', '2019-08-14 07:23:05');
INSERT INTO `sys_loginfo` VALUES (126, '超级管理员-system', '127.0.0.1', '2019-08-14 07:25:30');
INSERT INTO `sys_loginfo` VALUES (127, '超级管理员-system', '127.0.0.1', '2019-08-14 07:26:34');
INSERT INTO `sys_loginfo` VALUES (128, '超级管理员-system', '127.0.0.1', '2019-08-14 07:27:22');
INSERT INTO `sys_loginfo` VALUES (129, '超级管理员-system', '127.0.0.1', '2019-08-14 07:27:51');
INSERT INTO `sys_loginfo` VALUES (130, '超级管理员-system', '127.0.0.1', '2019-08-14 08:22:05');
INSERT INTO `sys_loginfo` VALUES (131, '超级管理员-system', '127.0.0.1', '2019-08-14 08:43:53');
INSERT INTO `sys_loginfo` VALUES (132, '超级管理员-system', '127.0.0.1', '2019-08-14 08:45:55');
INSERT INTO `sys_loginfo` VALUES (133, '超级管理员-system', '127.0.0.1', '2019-08-14 08:47:13');
INSERT INTO `sys_loginfo` VALUES (134, '超级管理员-system', '127.0.0.1', '2019-08-14 09:35:20');
INSERT INTO `sys_loginfo` VALUES (135, '超级管理员-system', '127.0.0.1', '2019-08-14 09:41:02');
INSERT INTO `sys_loginfo` VALUES (136, '超级管理员-system', '127.0.0.1', '2019-08-14 09:44:04');
INSERT INTO `sys_loginfo` VALUES (137, '超级管理员-system', '127.0.0.1', '2019-08-14 09:50:27');
INSERT INTO `sys_loginfo` VALUES (138, '超级管理员-system', '127.0.0.1', '2019-08-14 09:56:57');
INSERT INTO `sys_loginfo` VALUES (139, '超级管理员-system', '127.0.0.1', '2019-08-14 09:59:02');
INSERT INTO `sys_loginfo` VALUES (140, '超级管理员-system', '127.0.0.1', '2019-08-16 01:05:37');
INSERT INTO `sys_loginfo` VALUES (141, '超级管理员-system', '127.0.0.1', '2019-08-16 02:01:44');
INSERT INTO `sys_loginfo` VALUES (142, '超级管理员-system', '127.0.0.1', '2019-08-16 02:05:57');
INSERT INTO `sys_loginfo` VALUES (143, '超级管理员-system', '127.0.0.1', '2019-08-16 02:07:04');
INSERT INTO `sys_loginfo` VALUES (144, '超级管理员-system', '127.0.0.1', '2019-08-16 02:20:02');
INSERT INTO `sys_loginfo` VALUES (145, '超级管理员-system', '127.0.0.1', '2019-08-16 02:20:20');
INSERT INTO `sys_loginfo` VALUES (146, '超级管理员-system', '127.0.0.1', '2019-08-16 02:21:42');
INSERT INTO `sys_loginfo` VALUES (147, '超级管理员-system', '127.0.0.1', '2019-08-16 03:37:37');
INSERT INTO `sys_loginfo` VALUES (148, '超级管理员-system', '127.0.0.1', '2019-08-16 03:52:40');
INSERT INTO `sys_loginfo` VALUES (149, '超级管理员-system', '127.0.0.1', '2019-08-16 03:59:37');
INSERT INTO `sys_loginfo` VALUES (150, '超级管理员-system', '127.0.0.1', '2019-08-16 06:11:45');
INSERT INTO `sys_loginfo` VALUES (151, '超级管理员-system', '127.0.0.1', '2019-08-16 06:23:27');
INSERT INTO `sys_loginfo` VALUES (153, '超级管理员-system', '127.0.0.1', '2019-08-16 06:54:49');
INSERT INTO `sys_loginfo` VALUES (154, '超级管理员-system', '127.0.0.1', '2019-08-16 07:00:48');
INSERT INTO `sys_loginfo` VALUES (155, '超级管理员-system', '127.0.0.1', '2019-08-16 07:01:18');
INSERT INTO `sys_loginfo` VALUES (156, '超级管理员-system', '127.0.0.1', '2019-08-16 07:03:35');
INSERT INTO `sys_loginfo` VALUES (157, '超级管理员-system', '127.0.0.1', '2019-08-16 07:09:55');
INSERT INTO `sys_loginfo` VALUES (158, '超级管理员-system', '127.0.0.1', '2019-08-16 07:46:09');
INSERT INTO `sys_loginfo` VALUES (159, '超级管理员-system', '127.0.0.1', '2019-08-16 08:17:59');
INSERT INTO `sys_loginfo` VALUES (160, '超级管理员-system', '127.0.0.1', '2019-08-16 08:22:29');
INSERT INTO `sys_loginfo` VALUES (161, '超级管理员-system', '127.0.0.1', '2019-08-16 08:23:32');
INSERT INTO `sys_loginfo` VALUES (162, '超级管理员-system', '127.0.0.1', '2019-08-16 08:26:48');
INSERT INTO `sys_loginfo` VALUES (169, '超级管理员-system', '127.0.0.1', '2019-09-21 06:27:30');
INSERT INTO `sys_loginfo` VALUES (170, '超级管理员-system', '127.0.0.1', '2019-09-21 08:21:06');
INSERT INTO `sys_loginfo` VALUES (171, '超级管理员-system', '127.0.0.1', '2019-09-21 08:37:15');
INSERT INTO `sys_loginfo` VALUES (172, '超级管理员-system', '127.0.0.1', '2019-09-21 09:06:00');
INSERT INTO `sys_loginfo` VALUES (173, '超级管理员-system', '127.0.0.1', '2019-09-23 01:15:49');
INSERT INTO `sys_loginfo` VALUES (174, '超级管理员-system', '127.0.0.1', '2019-09-23 01:33:24');
INSERT INTO `sys_loginfo` VALUES (175, '超级管理员-system', '127.0.0.1', '2019-09-23 03:29:51');
INSERT INTO `sys_loginfo` VALUES (176, '超级管理员-system', '127.0.0.1', '2019-09-23 06:13:27');
INSERT INTO `sys_loginfo` VALUES (177, '超级管理员-system', '127.0.0.1', '2019-09-23 06:47:14');
INSERT INTO `sys_loginfo` VALUES (178, '超级管理员-system', '127.0.0.1', '2019-09-23 07:06:44');
INSERT INTO `sys_loginfo` VALUES (180, '超级管理员-system', '127.0.0.1', '2019-09-23 09:54:08');
INSERT INTO `sys_loginfo` VALUES (181, '超级管理员-system', '127.0.0.1', '2019-09-23 09:56:48');
INSERT INTO `sys_loginfo` VALUES (182, '超级管理员-system', '127.0.0.1', '2019-09-23 13:41:31');
INSERT INTO `sys_loginfo` VALUES (183, '超级管理员-system', '127.0.0.1', '2019-09-23 14:36:22');
INSERT INTO `sys_loginfo` VALUES (184, '超级管理员-system', '127.0.0.1', '2019-09-24 01:05:42');
INSERT INTO `sys_loginfo` VALUES (185, '超级管理员-system', '127.0.0.1', '2019-09-24 01:31:22');
INSERT INTO `sys_loginfo` VALUES (186, '超级管理员-system', '127.0.0.1', '2019-09-24 02:10:56');
INSERT INTO `sys_loginfo` VALUES (187, '超级管理员-system', '127.0.0.1', '2019-09-24 06:18:21');
INSERT INTO `sys_loginfo` VALUES (188, '超级管理员-system', '127.0.0.1', '2019-09-24 06:59:55');
INSERT INTO `sys_loginfo` VALUES (189, '超级管理员-system', '127.0.0.1', '2019-09-24 07:22:44');
INSERT INTO `sys_loginfo` VALUES (190, '超级管理员-system', '127.0.0.1', '2019-09-24 07:34:33');
INSERT INTO `sys_loginfo` VALUES (191, '超级管理员-system', '127.0.0.1', '2019-09-24 08:58:13');
INSERT INTO `sys_loginfo` VALUES (192, '超级管理员-system', '127.0.0.1', '2019-09-24 12:43:54');
INSERT INTO `sys_loginfo` VALUES (193, '超级管理员-system', '127.0.0.1', '2019-09-25 01:05:12');
INSERT INTO `sys_loginfo` VALUES (194, '超级管理员-system', '127.0.0.1', '2019-09-25 01:37:40');
INSERT INTO `sys_loginfo` VALUES (195, '超级管理员-system', '127.0.0.1', '2019-09-25 01:43:26');
INSERT INTO `sys_loginfo` VALUES (196, '超级管理员-system', '127.0.0.1', '2019-09-25 01:46:40');
INSERT INTO `sys_loginfo` VALUES (197, '超级管理员-system', '127.0.0.1', '2019-09-25 01:55:27');
INSERT INTO `sys_loginfo` VALUES (198, '超级管理员-system', '127.0.0.1', '2019-09-25 02:27:40');
INSERT INTO `sys_loginfo` VALUES (199, '超级管理员-system', '127.0.0.1', '2019-09-25 02:32:48');
INSERT INTO `sys_loginfo` VALUES (200, '超级管理员-system', '127.0.0.1', '2019-09-25 02:35:53');
INSERT INTO `sys_loginfo` VALUES (201, '超级管理员-system', '127.0.0.1', '2019-09-25 03:33:17');
INSERT INTO `sys_loginfo` VALUES (202, '超级管理员-system', '127.0.0.1', '2019-09-25 06:05:49');
INSERT INTO `sys_loginfo` VALUES (203, '超级管理员-system', '127.0.0.1', '2019-09-25 06:44:21');
INSERT INTO `sys_loginfo` VALUES (204, '超级管理员-system', '127.0.0.1', '2019-09-25 06:47:39');
INSERT INTO `sys_loginfo` VALUES (205, '超级管理员-system', '127.0.0.1', '2019-09-25 06:54:08');
INSERT INTO `sys_loginfo` VALUES (206, '小小明-xiaoxiaoming', '127.0.0.1', '2019-09-25 06:55:09');
INSERT INTO `sys_loginfo` VALUES (207, '超级管理员-system', '127.0.0.1', '2019-09-25 06:55:18');
INSERT INTO `sys_loginfo` VALUES (208, '超级管理员-system', '127.0.0.1', '2019-09-25 08:23:32');
INSERT INTO `sys_loginfo` VALUES (209, '超级管理员-system', '127.0.0.1', '2019-09-25 09:32:37');
INSERT INTO `sys_loginfo` VALUES (210, '超级管理员-system', '127.0.0.1', '2019-09-25 09:41:34');
INSERT INTO `sys_loginfo` VALUES (211, '超级管理员-system', '127.0.0.1', '2019-09-25 09:57:10');
INSERT INTO `sys_loginfo` VALUES (212, '李四-ls', '127.0.0.1', '2019-09-25 09:58:02');
INSERT INTO `sys_loginfo` VALUES (213, '王五-ww', '127.0.0.1', '2019-09-25 09:58:13');
INSERT INTO `sys_loginfo` VALUES (214, '习大大-xidada', '127.0.0.1', '2019-09-25 09:58:24');
INSERT INTO `sys_loginfo` VALUES (215, '刘八-lb', '127.0.0.1', '2019-09-25 10:06:07');
INSERT INTO `sys_loginfo` VALUES (216, '刘八-lb', '127.0.0.1', '2019-09-25 10:09:17');
INSERT INTO `sys_loginfo` VALUES (217, '刘八-lb', '127.0.0.1', '2019-09-25 10:11:39');
INSERT INTO `sys_loginfo` VALUES (218, '刘八-lb', '127.0.0.1', '2019-09-25 10:13:49');
INSERT INTO `sys_loginfo` VALUES (219, '刘八-lb', '127.0.0.1', '2019-09-25 10:14:16');
INSERT INTO `sys_loginfo` VALUES (220, '超级管理员-system', '127.0.0.1', '2019-09-27 01:12:10');
INSERT INTO `sys_loginfo` VALUES (221, '超级管理员-system', '127.0.0.1', '2019-09-27 01:34:40');
INSERT INTO `sys_loginfo` VALUES (222, '超级管理员-system', '127.0.0.1', '2019-09-27 01:36:20');
INSERT INTO `sys_loginfo` VALUES (223, '超级管理员-system', '127.0.0.1', '2019-09-27 03:03:01');
INSERT INTO `sys_loginfo` VALUES (224, '超级管理员-system', '127.0.0.1', '2019-09-27 06:12:41');
INSERT INTO `sys_loginfo` VALUES (225, '超级管理员-system', '127.0.0.1', '2019-09-27 06:30:55');
INSERT INTO `sys_loginfo` VALUES (226, '超级管理员-system', '127.0.0.1', '2019-09-27 06:32:23');
INSERT INTO `sys_loginfo` VALUES (227, '超级管理员-system', '127.0.0.1', '2019-09-27 06:35:18');
INSERT INTO `sys_loginfo` VALUES (228, '超级管理员-system', '127.0.0.1', '2019-09-27 06:41:36');
INSERT INTO `sys_loginfo` VALUES (229, '超级管理员-system', '127.0.0.1', '2019-09-27 06:54:10');
INSERT INTO `sys_loginfo` VALUES (230, '超级管理员-system', '127.0.0.1', '2019-09-27 07:21:43');
INSERT INTO `sys_loginfo` VALUES (231, '超级管理员-system', '127.0.0.1', '2019-09-27 07:22:43');
INSERT INTO `sys_loginfo` VALUES (232, '超级管理员-system', '127.0.0.1', '2019-09-27 07:23:35');
INSERT INTO `sys_loginfo` VALUES (233, '超级管理员-system', '127.0.0.1', '2019-09-27 07:35:38');
INSERT INTO `sys_loginfo` VALUES (234, '超级管理员-system', '127.0.0.1', '2019-09-27 08:38:42');
INSERT INTO `sys_loginfo` VALUES (235, '超级管理员-system', '127.0.0.1', '2019-09-27 08:49:03');
INSERT INTO `sys_loginfo` VALUES (236, '超级管理员-system', '127.0.0.1', '2019-09-27 08:50:09');
INSERT INTO `sys_loginfo` VALUES (237, '超级管理员-system', '127.0.0.1', '2019-09-27 08:55:53');
INSERT INTO `sys_loginfo` VALUES (238, '超级管理员-system', '127.0.0.1', '2019-09-27 09:03:14');
INSERT INTO `sys_loginfo` VALUES (239, '超级管理员-system', '127.0.0.1', '2019-09-27 09:05:30');
INSERT INTO `sys_loginfo` VALUES (240, '超级管理员-system', '127.0.0.1', '2019-09-27 09:13:24');
INSERT INTO `sys_loginfo` VALUES (241, '超级管理员-system', '127.0.0.1', '2019-09-27 11:40:15');
INSERT INTO `sys_loginfo` VALUES (256, '超级管理员-system', '0:0:0:0:0:0:0:1', '2020-07-19 03:48:34');
INSERT INTO `sys_loginfo` VALUES (257, '超级管理员-system', '0:0:0:0:0:0:0:1', '2020-07-19 03:49:21');
INSERT INTO `sys_loginfo` VALUES (258, '超级管理员-system', '127.0.0.1', '2020-07-19 03:50:29');
INSERT INTO `sys_loginfo` VALUES (259, '超级管理员-system', '0:0:0:0:0:0:0:1', '2020-07-19 06:50:41');
INSERT INTO `sys_loginfo` VALUES (260, '超级管理员-system', '0:0:0:0:0:0:0:1', '2020-07-19 07:33:16');
INSERT INTO `sys_loginfo` VALUES (261, '超级管理员-system', '0:0:0:0:0:0:0:1', '2020-07-19 07:45:15');
INSERT INTO `sys_loginfo` VALUES (262, '超级管理员-system', '0:0:0:0:0:0:0:1', '2020-07-19 12:04:11');
INSERT INTO `sys_loginfo` VALUES (263, '超级管理员-system', '0:0:0:0:0:0:0:1', '2020-07-19 14:37:40');
INSERT INTO `sys_loginfo` VALUES (264, '超级管理员-system', '0:0:0:0:0:0:0:1', '2020-07-19 15:00:15');
INSERT INTO `sys_loginfo` VALUES (265, '超级管理员-system', '0:0:0:0:0:0:0:1', '2020-07-20 11:20:22');
INSERT INTO `sys_loginfo` VALUES (266, '超级管理员-system', '0:0:0:0:0:0:0:1', '2020-07-20 12:20:06');
INSERT INTO `sys_loginfo` VALUES (267, '超级管理员-system', '0:0:0:0:0:0:0:1', '2020-07-20 12:43:52');
INSERT INTO `sys_loginfo` VALUES (268, '超级管理员-system', '0:0:0:0:0:0:0:1', '2020-07-20 13:09:41');
INSERT INTO `sys_loginfo` VALUES (269, '超级管理员-system', '0:0:0:0:0:0:0:1', '2020-07-20 14:27:28');
INSERT INTO `sys_loginfo` VALUES (270, '超级管理员-system', '0:0:0:0:0:0:0:1', '2020-07-20 14:28:20');
INSERT INTO `sys_loginfo` VALUES (271, '超级管理员-system', '0:0:0:0:0:0:0:1', '2020-07-20 14:33:42');
INSERT INTO `sys_loginfo` VALUES (272, '超级管理员-system', '0:0:0:0:0:0:0:1', '2020-07-21 13:34:28');
INSERT INTO `sys_loginfo` VALUES (273, '超级管理员-system', '0:0:0:0:0:0:0:1', '2020-07-21 13:40:52');
INSERT INTO `sys_loginfo` VALUES (274, '超级管理员-system', '0:0:0:0:0:0:0:1', '2020-07-21 13:45:16');
INSERT INTO `sys_loginfo` VALUES (275, '超级管理员-system', '0:0:0:0:0:0:0:1', '2020-07-21 13:47:49');
INSERT INTO `sys_loginfo` VALUES (276, '超级管理员-system', '0:0:0:0:0:0:0:1', '2020-07-21 13:53:40');
INSERT INTO `sys_loginfo` VALUES (277, '超级管理员-system', '0:0:0:0:0:0:0:1', '2020-07-22 12:32:00');
INSERT INTO `sys_loginfo` VALUES (278, '超级管理员-system', '0:0:0:0:0:0:0:1', '2020-07-22 12:57:12');
INSERT INTO `sys_loginfo` VALUES (279, '超级管理员-system', '0:0:0:0:0:0:0:1', '2020-07-22 13:20:44');
INSERT INTO `sys_loginfo` VALUES (280, '超级管理员-system', '0:0:0:0:0:0:0:1', '2020-07-22 13:21:28');
INSERT INTO `sys_loginfo` VALUES (281, '超级管理员-system', '0:0:0:0:0:0:0:1', '2020-07-22 13:29:53');
INSERT INTO `sys_loginfo` VALUES (282, '超级管理员-system', '0:0:0:0:0:0:0:1', '2020-07-23 12:29:40');
INSERT INTO `sys_loginfo` VALUES (283, '超级管理员-system', '0:0:0:0:0:0:0:1', '2020-07-23 12:46:06');
INSERT INTO `sys_loginfo` VALUES (284, '超级管理员-system', '0:0:0:0:0:0:0:1', '2020-07-23 12:48:58');
INSERT INTO `sys_loginfo` VALUES (285, '超级管理员-system', '0:0:0:0:0:0:0:1', '2020-07-23 12:51:03');
INSERT INTO `sys_loginfo` VALUES (286, '超级管理员-system', '0:0:0:0:0:0:0:1', '2020-07-23 12:59:08');
INSERT INTO `sys_loginfo` VALUES (287, '超级管理员-system', '127.0.0.1', '2020-07-23 13:02:07');
INSERT INTO `sys_loginfo` VALUES (288, '超级管理员-system', '0:0:0:0:0:0:0:1', '2020-07-23 13:20:41');
INSERT INTO `sys_loginfo` VALUES (289, '超级管理员-system', '0:0:0:0:0:0:0:1', '2020-07-23 13:23:08');
INSERT INTO `sys_loginfo` VALUES (290, '超级管理员-system', '0:0:0:0:0:0:0:1', '2020-07-23 13:31:17');
INSERT INTO `sys_loginfo` VALUES (291, '超级管理员-system', '0:0:0:0:0:0:0:1', '2020-07-23 13:35:58');
INSERT INTO `sys_loginfo` VALUES (292, '超级管理员-system', '0:0:0:0:0:0:0:1', '2020-07-23 13:44:46');
INSERT INTO `sys_loginfo` VALUES (293, '超级管理员-system', '0:0:0:0:0:0:0:1', '2020-07-23 13:46:09');
INSERT INTO `sys_loginfo` VALUES (294, '超级管理员-system', '0:0:0:0:0:0:0:1', '2020-07-23 13:51:08');
INSERT INTO `sys_loginfo` VALUES (295, '超级管理员-system', '0:0:0:0:0:0:0:1', '2020-07-23 13:53:45');
INSERT INTO `sys_loginfo` VALUES (296, '超级管理员-system', '0:0:0:0:0:0:0:1', '2020-07-23 13:56:53');
INSERT INTO `sys_loginfo` VALUES (297, '超级管理员-system', '0:0:0:0:0:0:0:1', '2020-07-23 14:00:45');
INSERT INTO `sys_loginfo` VALUES (298, '超级管理员-system', '0:0:0:0:0:0:0:1', '2020-07-23 14:02:54');
INSERT INTO `sys_loginfo` VALUES (299, '超级管理员-system', '0:0:0:0:0:0:0:1', '2020-07-23 14:06:45');
INSERT INTO `sys_loginfo` VALUES (300, '超级管理员-system', '0:0:0:0:0:0:0:1', '2020-07-23 14:44:50');
INSERT INTO `sys_loginfo` VALUES (301, '超级管理员-system', '0:0:0:0:0:0:0:1', '2020-07-23 14:46:47');
INSERT INTO `sys_loginfo` VALUES (302, '超级管理员-system', '0:0:0:0:0:0:0:1', '2020-07-23 14:47:50');
INSERT INTO `sys_loginfo` VALUES (303, '超级管理员-system', '0:0:0:0:0:0:0:1', '2020-07-24 11:42:56');
INSERT INTO `sys_loginfo` VALUES (304, '超级管理员-system', '0:0:0:0:0:0:0:1', '2020-07-24 11:47:46');
INSERT INTO `sys_loginfo` VALUES (305, '超级管理员-system', '0:0:0:0:0:0:0:1', '2020-07-24 11:51:30');
INSERT INTO `sys_loginfo` VALUES (306, '超级管理员-system', '0:0:0:0:0:0:0:1', '2020-07-24 11:53:42');
INSERT INTO `sys_loginfo` VALUES (307, '超级管理员-system', '0:0:0:0:0:0:0:1', '2020-07-24 11:56:02');
INSERT INTO `sys_loginfo` VALUES (308, '超级管理员-system', '0:0:0:0:0:0:0:1', '2020-07-24 11:57:13');
INSERT INTO `sys_loginfo` VALUES (309, '超级管理员-system', '0:0:0:0:0:0:0:1', '2020-07-24 14:15:17');
INSERT INTO `sys_loginfo` VALUES (310, '超级管理员-system', '0:0:0:0:0:0:0:1', '2020-07-24 14:38:17');
INSERT INTO `sys_loginfo` VALUES (311, '123456', '192.169.222.58', '2020-07-01 22:45:33');
INSERT INTO `sys_loginfo` VALUES (312, '超级管理员-system', '0:0:0:0:0:0:0:1', '2020-07-24 14:46:59');
INSERT INTO `sys_loginfo` VALUES (313, '超级管理员-system', '0:0:0:0:0:0:0:1', '2020-07-24 15:01:35');
INSERT INTO `sys_loginfo` VALUES (314, '超级管理员-system', '0:0:0:0:0:0:0:1', '2020-07-25 06:50:54');
INSERT INTO `sys_loginfo` VALUES (315, '超级管理员-system', '0:0:0:0:0:0:0:1', '2020-07-25 06:57:35');
INSERT INTO `sys_loginfo` VALUES (316, '超级管理员-system', '0:0:0:0:0:0:0:1', '2020-07-25 06:58:50');
INSERT INTO `sys_loginfo` VALUES (317, '超级管理员-system', '0:0:0:0:0:0:0:1', '2020-07-25 07:01:24');
INSERT INTO `sys_loginfo` VALUES (318, '超级管理员-system', '0:0:0:0:0:0:0:1', '2020-07-25 07:04:24');
INSERT INTO `sys_loginfo` VALUES (319, '超级管理员-system', '0:0:0:0:0:0:0:1', '2020-07-25 07:05:59');
INSERT INTO `sys_loginfo` VALUES (320, '超级管理员-system', '0:0:0:0:0:0:0:1', '2020-07-25 07:36:25');
INSERT INTO `sys_loginfo` VALUES (321, '超级管理员-system', '0:0:0:0:0:0:0:1', '2020-07-25 07:39:58');
INSERT INTO `sys_loginfo` VALUES (322, '超级管理员-system', '0:0:0:0:0:0:0:1', '2020-07-25 12:03:14');
INSERT INTO `sys_loginfo` VALUES (323, '超级管理员-system', '0:0:0:0:0:0:0:1', '2020-07-25 13:38:53');
INSERT INTO `sys_loginfo` VALUES (324, '超级管理员-system', '0:0:0:0:0:0:0:1', '2020-07-26 01:04:04');
INSERT INTO `sys_loginfo` VALUES (325, '超级管理员-system', '0:0:0:0:0:0:0:1', '2020-07-26 01:06:18');
INSERT INTO `sys_loginfo` VALUES (326, '超级管理员-system', '0:0:0:0:0:0:0:1', '2020-07-26 01:31:38');
INSERT INTO `sys_loginfo` VALUES (327, '超级管理员-system', '0:0:0:0:0:0:0:1', '2020-07-26 01:32:06');
INSERT INTO `sys_loginfo` VALUES (328, '超级管理员-system', '0:0:0:0:0:0:0:1', '2020-07-26 05:21:38');
INSERT INTO `sys_loginfo` VALUES (329, '超级管理员-system', '0:0:0:0:0:0:0:1', '2020-07-26 05:24:14');
INSERT INTO `sys_loginfo` VALUES (330, '超级管理员-system', '0:0:0:0:0:0:0:1', '2020-07-26 05:30:23');
INSERT INTO `sys_loginfo` VALUES (331, '超级管理员-system', '0:0:0:0:0:0:0:1', '2020-07-26 05:31:17');
INSERT INTO `sys_loginfo` VALUES (332, '超级管理员-system', '0:0:0:0:0:0:0:1', '2020-07-26 06:01:15');
INSERT INTO `sys_loginfo` VALUES (333, '超级管理员-system', '0:0:0:0:0:0:0:1', '2020-07-26 06:02:25');
INSERT INTO `sys_loginfo` VALUES (334, '超级管理员-system', '0:0:0:0:0:0:0:1', '2020-07-26 08:11:04');
INSERT INTO `sys_loginfo` VALUES (335, '超级管理员-system', '0:0:0:0:0:0:0:1', '2020-07-26 08:13:15');
INSERT INTO `sys_loginfo` VALUES (336, '黄学博-huangxuebo', '0:0:0:0:0:0:0:1', '2020-07-26 08:14:08');
INSERT INTO `sys_loginfo` VALUES (337, '超级管理员-system', '0:0:0:0:0:0:0:1', '2020-07-26 09:02:45');
INSERT INTO `sys_loginfo` VALUES (338, '超级管理员-system', '0:0:0:0:0:0:0:1', '2020-07-26 09:07:01');
INSERT INTO `sys_loginfo` VALUES (339, '超级管理员-system', '0:0:0:0:0:0:0:1', '2020-07-27 11:19:43');
INSERT INTO `sys_loginfo` VALUES (340, '超级管理员-system', '0:0:0:0:0:0:0:1', '2020-07-27 12:52:52');
INSERT INTO `sys_loginfo` VALUES (341, '超级管理员-system', '0:0:0:0:0:0:0:1', '2020-07-27 12:57:59');
INSERT INTO `sys_loginfo` VALUES (342, '王五-ww', '0:0:0:0:0:0:0:1', '2020-07-27 12:58:52');
INSERT INTO `sys_loginfo` VALUES (343, '超级管理员-system', '0:0:0:0:0:0:0:1', '2020-07-27 13:34:36');
INSERT INTO `sys_loginfo` VALUES (344, '刘八-lb', '0:0:0:0:0:0:0:1', '2020-07-27 13:36:25');
INSERT INTO `sys_loginfo` VALUES (345, '超级管理员-system', '0:0:0:0:0:0:0:1', '2020-07-27 13:37:27');
INSERT INTO `sys_loginfo` VALUES (346, '刘八-lb', '0:0:0:0:0:0:0:1', '2020-07-27 13:40:59');
INSERT INTO `sys_loginfo` VALUES (347, '超级管理员-system', '0:0:0:0:0:0:0:1', '2020-07-27 13:41:44');
INSERT INTO `sys_loginfo` VALUES (348, '刘八-lb', '0:0:0:0:0:0:0:1', '2020-07-27 13:41:51');
INSERT INTO `sys_loginfo` VALUES (349, '刘八-lb', '0:0:0:0:0:0:0:1', '2020-07-27 13:42:50');
INSERT INTO `sys_loginfo` VALUES (350, '超级管理员-system', '0:0:0:0:0:0:0:1', '2020-07-28 11:59:52');
INSERT INTO `sys_loginfo` VALUES (351, '超级管理员-system', '0:0:0:0:0:0:0:1', '2020-07-28 12:10:34');
INSERT INTO `sys_loginfo` VALUES (352, '超级管理员-system', '0:0:0:0:0:0:0:1', '2020-07-28 12:12:27');
INSERT INTO `sys_loginfo` VALUES (353, '超级管理员-system', '0:0:0:0:0:0:0:1', '2020-07-28 12:13:24');
INSERT INTO `sys_loginfo` VALUES (354, '超级管理员-system', '0:0:0:0:0:0:0:1', '2020-07-28 14:19:06');
INSERT INTO `sys_loginfo` VALUES (355, '超级管理员-system', '0:0:0:0:0:0:0:1', '2020-07-28 14:19:54');
INSERT INTO `sys_loginfo` VALUES (356, '超级管理员-system', '0:0:0:0:0:0:0:1', '2020-07-28 14:26:42');
INSERT INTO `sys_loginfo` VALUES (357, '超级管理员-system', '0:0:0:0:0:0:0:1', '2020-07-29 13:08:32');
INSERT INTO `sys_loginfo` VALUES (358, '超级管理员-system', '0:0:0:0:0:0:0:1', '2020-07-30 12:24:54');
INSERT INTO `sys_loginfo` VALUES (359, '超级管理员-system', '0:0:0:0:0:0:0:1', '2020-07-30 12:27:51');
INSERT INTO `sys_loginfo` VALUES (360, '超级管理员-system', '192.168.1.109', '2020-08-01 09:54:16');
INSERT INTO `sys_loginfo` VALUES (361, '超级管理员-system', '192.168.1.109', '2020-08-01 10:33:53');
INSERT INTO `sys_loginfo` VALUES (362, '超级管理员-system', '192.168.1.109', '2020-08-01 10:38:22');
INSERT INTO `sys_loginfo` VALUES (363, '超级管理员-system', '192.168.1.109', '2020-08-01 13:47:39');
INSERT INTO `sys_loginfo` VALUES (364, '超级管理员-system', '192.168.1.109', '2020-08-01 14:05:52');
INSERT INTO `sys_loginfo` VALUES (365, '超级管理员-system', '192.168.1.109', '2020-08-01 14:09:34');
INSERT INTO `sys_loginfo` VALUES (366, '超级管理员-system', '192.168.1.109', '2020-08-01 14:16:57');
INSERT INTO `sys_loginfo` VALUES (367, '刘八-lb', '192.168.1.109', '2020-08-01 14:51:14');
INSERT INTO `sys_loginfo` VALUES (368, '超级管理员-system', '192.168.1.109', '2020-08-01 14:51:28');
INSERT INTO `sys_loginfo` VALUES (369, '刘八-lb', '192.168.1.109', '2020-08-01 14:52:19');
INSERT INTO `sys_loginfo` VALUES (370, '超级管理员-system', '192.168.1.109', '2020-08-01 14:53:06');
INSERT INTO `sys_loginfo` VALUES (371, '超级管理员-system', '192.168.1.109', '2020-08-01 14:54:15');
INSERT INTO `sys_loginfo` VALUES (372, '刘八-lb', '192.168.1.109', '2020-08-01 14:54:26');
INSERT INTO `sys_loginfo` VALUES (373, '刘八-lb', '192.168.1.109', '2020-08-01 15:15:43');
INSERT INTO `sys_loginfo` VALUES (374, '超级管理员-system', '192.168.1.109', '2020-08-01 15:21:58');
INSERT INTO `sys_loginfo` VALUES (375, '刘八-lb', '192.168.1.109', '2020-08-01 15:22:08');
INSERT INTO `sys_loginfo` VALUES (376, '超级管理员-system', '192.168.1.109', '2020-08-01 17:22:31');
INSERT INTO `sys_loginfo` VALUES (377, '超级管理员-system', '192.168.1.109', '2020-08-01 17:29:28');
INSERT INTO `sys_loginfo` VALUES (378, '超级管理员-system', '192.168.1.109', '2020-08-01 23:31:05');
INSERT INTO `sys_loginfo` VALUES (379, '超级管理员-system', '192.168.1.109', '2020-08-01 23:35:56');
INSERT INTO `sys_loginfo` VALUES (380, '超级管理员-system', '192.168.1.109', '2020-08-01 23:37:21');
INSERT INTO `sys_loginfo` VALUES (381, '超级管理员-system', '192.168.1.109', '2020-08-02 09:17:03');
INSERT INTO `sys_loginfo` VALUES (382, '超级管理员-system', '192.168.1.109', '2020-08-02 18:30:20');
INSERT INTO `sys_loginfo` VALUES (383, '超级管理员-system', '192.168.1.109', '2020-08-02 19:06:53');
INSERT INTO `sys_loginfo` VALUES (384, '超级管理员-system', '192.168.1.109', '2020-08-02 19:10:47');
INSERT INTO `sys_loginfo` VALUES (385, '超级管理员-system', '192.168.1.109', '2020-08-02 19:52:56');
INSERT INTO `sys_loginfo` VALUES (386, '超级管理员-system', '192.168.1.109', '2020-08-02 20:18:19');
INSERT INTO `sys_loginfo` VALUES (387, '超级管理员-system', '192.168.1.109', '2020-08-02 20:29:47');
INSERT INTO `sys_loginfo` VALUES (388, '超级管理员-system', '192.168.1.109', '2020-08-02 20:43:32');
INSERT INTO `sys_loginfo` VALUES (389, '超级管理员-system', '192.168.1.109', '2020-08-02 20:44:15');
INSERT INTO `sys_loginfo` VALUES (390, '超级管理员-system', '192.168.1.109', '2020-08-02 21:27:26');
INSERT INTO `sys_loginfo` VALUES (391, '超级管理员-system', '192.168.1.109', '2020-08-02 21:37:14');
INSERT INTO `sys_loginfo` VALUES (392, '超级管理员-system', '192.168.1.109', '2020-08-04 19:58:48');
INSERT INTO `sys_loginfo` VALUES (393, '刘八-lb', '192.168.1.109', '2020-08-04 20:00:01');
INSERT INTO `sys_loginfo` VALUES (394, '超级管理员-system', '192.168.1.109', '2020-08-04 21:19:20');
INSERT INTO `sys_loginfo` VALUES (395, '超级管理员-system', '192.168.1.109', '2020-08-04 21:20:37');
INSERT INTO `sys_loginfo` VALUES (396, '刘八-lb', '192.168.1.109', '2020-08-04 21:21:34');
INSERT INTO `sys_loginfo` VALUES (397, '刘八-lb', '192.168.1.109', '2020-08-05 22:12:31');
INSERT INTO `sys_loginfo` VALUES (398, '超级管理员-system', '192.168.1.109', '2020-08-05 22:18:09');
INSERT INTO `sys_loginfo` VALUES (399, '刘八-lb', '192.168.1.109', '2020-08-05 22:18:51');
INSERT INTO `sys_loginfo` VALUES (400, '超级管理员-system', '192.168.1.109', '2020-08-06 20:30:22');
INSERT INTO `sys_loginfo` VALUES (401, '超级管理员-system', '192.168.1.109', '2020-08-06 20:37:14');
INSERT INTO `sys_loginfo` VALUES (402, '刘八-lb', '192.168.1.109', '2020-08-06 20:37:57');
INSERT INTO `sys_loginfo` VALUES (403, '超级管理员-system', '192.168.1.109', '2020-08-06 21:09:31');
INSERT INTO `sys_loginfo` VALUES (404, '刘八-lb', '192.168.1.109', '2020-08-06 21:09:52');
INSERT INTO `sys_loginfo` VALUES (405, '超级管理员-system', '192.168.1.109', '2020-08-06 21:32:50');
INSERT INTO `sys_loginfo` VALUES (406, '刘八-lb', '192.168.1.109', '2020-08-06 21:37:05');
INSERT INTO `sys_loginfo` VALUES (407, '刘八-lb', '192.168.1.109', '2020-08-06 21:40:36');
INSERT INTO `sys_loginfo` VALUES (408, '刘八-lb', '192.168.1.109', '2020-08-06 21:47:18');
INSERT INTO `sys_loginfo` VALUES (409, '超级管理员-system', '192.168.222.58', '2020-08-07 09:18:24');
INSERT INTO `sys_loginfo` VALUES (410, '刘八-lb', '192.168.222.58', '2020-08-07 09:19:20');
INSERT INTO `sys_loginfo` VALUES (411, '超级管理员-system', '192.168.222.58', '2020-08-07 09:28:19');
INSERT INTO `sys_loginfo` VALUES (412, '刘八-lb', '192.168.222.58', '2020-08-07 09:28:38');
INSERT INTO `sys_loginfo` VALUES (413, '刘八-lb', '192.168.222.58', '2020-08-07 11:12:35');
INSERT INTO `sys_loginfo` VALUES (414, '刘八-lb', '192.168.222.58', '2020-08-07 11:55:09');
INSERT INTO `sys_loginfo` VALUES (415, '刘八-lb', '192.168.222.58', '2020-08-07 12:09:12');
INSERT INTO `sys_loginfo` VALUES (416, '刘八-lb', '192.168.222.58', '2020-08-07 13:32:30');
INSERT INTO `sys_loginfo` VALUES (417, '超级管理员-system', '192.168.222.58', '2020-08-07 14:51:56');
INSERT INTO `sys_loginfo` VALUES (418, '刘八-lb', '192.168.222.58', '2020-08-07 14:52:05');
INSERT INTO `sys_loginfo` VALUES (419, '刘八-lb', '192.168.222.58', '2020-08-09 09:12:05');
INSERT INTO `sys_loginfo` VALUES (420, '超级管理员-system', '192.168.222.58', '2020-08-09 09:15:17');
INSERT INTO `sys_loginfo` VALUES (421, '超级管理员-system', '192.168.222.58', '2020-08-09 09:18:15');
INSERT INTO `sys_loginfo` VALUES (422, '刘八-lb', '192.168.222.58', '2020-08-09 09:24:08');
INSERT INTO `sys_loginfo` VALUES (423, '王五-ww', '192.168.222.58', '2020-08-09 09:25:04');
INSERT INTO `sys_loginfo` VALUES (424, '超级管理员-system', '192.168.222.58', '2020-08-09 09:25:13');
INSERT INTO `sys_loginfo` VALUES (425, '王五-ww', '192.168.222.58', '2020-08-09 09:25:31');
INSERT INTO `sys_loginfo` VALUES (426, '刘八-lb', '192.168.222.58', '2020-08-09 11:47:22');
INSERT INTO `sys_loginfo` VALUES (427, '王五-ww', '192.168.222.58', '2020-08-09 11:49:39');
INSERT INTO `sys_loginfo` VALUES (428, '王五-ww', '192.168.222.58', '2020-08-09 12:06:58');
INSERT INTO `sys_loginfo` VALUES (429, '王五-ww', '192.168.222.58', '2020-08-09 13:04:18');
INSERT INTO `sys_loginfo` VALUES (430, '李四-ls', '192.168.222.58', '2020-08-09 13:22:31');
INSERT INTO `sys_loginfo` VALUES (431, '王五-ww', '192.168.222.58', '2020-08-09 13:59:00');
INSERT INTO `sys_loginfo` VALUES (432, '李四-ls', '192.168.222.58', '2020-08-09 13:59:33');
INSERT INTO `sys_loginfo` VALUES (433, '刘八-lb', '192.168.222.58', '2020-08-09 14:26:31');
INSERT INTO `sys_loginfo` VALUES (434, '刘八-lb', '192.168.222.58', '2020-08-09 16:12:19');
INSERT INTO `sys_loginfo` VALUES (435, '刘八-lb', '192.168.222.58', '2020-08-09 16:20:53');
INSERT INTO `sys_loginfo` VALUES (436, '刘八-lb', '192.168.222.58', '2020-08-09 16:23:11');
INSERT INTO `sys_loginfo` VALUES (437, '王五-ww', '192.168.222.58', '2020-08-09 16:24:07');
INSERT INTO `sys_loginfo` VALUES (438, '李四-ls', '192.168.222.58', '2020-08-09 16:24:33');
INSERT INTO `sys_loginfo` VALUES (439, '刘八-lb', '192.168.222.58', '2020-08-09 16:39:41');
INSERT INTO `sys_loginfo` VALUES (440, '王五-ww', '192.168.222.58', '2020-08-09 16:52:59');
INSERT INTO `sys_loginfo` VALUES (441, '超级管理员-system', '192.168.222.58', '2020-08-09 17:01:57');
INSERT INTO `sys_loginfo` VALUES (442, '超级管理员-system', '192.168.222.58', '2020-08-10 11:21:03');
INSERT INTO `sys_loginfo` VALUES (443, '王五-ww', '192.168.222.58', '2020-08-10 13:02:45');
INSERT INTO `sys_loginfo` VALUES (444, '李四-ls', '192.168.222.58', '2020-08-10 13:08:25');
INSERT INTO `sys_loginfo` VALUES (445, '超级管理员-system', '192.168.222.58', '2020-08-10 14:38:53');
INSERT INTO `sys_loginfo` VALUES (446, '王五-ww', '192.168.222.58', '2020-08-10 14:46:34');
INSERT INTO `sys_loginfo` VALUES (447, '王五-ww', '192.168.222.58', '2020-08-10 14:57:14');
INSERT INTO `sys_loginfo` VALUES (448, '超级管理员-system', '192.168.222.58', '2020-08-10 15:12:52');
INSERT INTO `sys_loginfo` VALUES (449, '王五-ww', '192.168.222.58', '2020-08-10 15:14:27');
INSERT INTO `sys_loginfo` VALUES (450, '超级管理员-system', '192.168.222.58', '2020-08-10 15:14:34');
INSERT INTO `sys_loginfo` VALUES (451, '王五-ww', '192.168.222.58', '2020-08-10 15:15:17');
INSERT INTO `sys_loginfo` VALUES (452, '王五-ww', '192.168.222.58', '2020-08-10 15:32:15');
INSERT INTO `sys_loginfo` VALUES (453, '超级管理员-system', '192.168.222.58', '2020-08-10 16:09:49');
INSERT INTO `sys_loginfo` VALUES (454, '王五-ww', '192.168.222.58', '2020-08-11 09:30:11');
INSERT INTO `sys_loginfo` VALUES (455, '刘八-lb', '192.168.222.58', '2020-08-11 09:49:19');
INSERT INTO `sys_loginfo` VALUES (456, '刘八-lb', '192.168.222.58', '2020-08-11 10:28:14');
INSERT INTO `sys_loginfo` VALUES (457, '王五-ww', '192.168.222.58', '2020-08-11 10:31:01');
INSERT INTO `sys_loginfo` VALUES (458, '超级管理员-system', '192.168.222.58', '2020-08-11 10:36:03');
INSERT INTO `sys_loginfo` VALUES (459, '超级管理员-system', '192.168.222.58', '2020-08-11 10:36:48');
INSERT INTO `sys_loginfo` VALUES (460, '超级管理员-system', '192.168.222.58', '2020-08-11 10:37:12');
INSERT INTO `sys_loginfo` VALUES (461, '超级管理员-system', '192.168.222.58', '2020-08-11 10:38:30');
INSERT INTO `sys_loginfo` VALUES (462, '超级管理员-system', '192.168.222.58', '2020-08-11 10:39:45');
INSERT INTO `sys_loginfo` VALUES (463, '王五-ww', '192.168.222.58', '2020-08-11 10:42:06');
INSERT INTO `sys_loginfo` VALUES (464, '超级管理员-system', '192.168.222.58', '2020-08-11 11:11:50');
INSERT INTO `sys_loginfo` VALUES (465, '超级管理员-system', '192.168.222.58', '2020-08-11 11:13:22');
INSERT INTO `sys_loginfo` VALUES (466, '超级管理员-system', '192.168.222.58', '2020-08-11 12:15:35');
INSERT INTO `sys_loginfo` VALUES (467, '超级管理员-system', '192.168.222.66', '2020-08-19 09:09:14');
INSERT INTO `sys_loginfo` VALUES (468, '超级管理员-system', '192.168.222.66', '2020-08-19 09:49:43');
INSERT INTO `sys_loginfo` VALUES (469, '刘八-lb', '192.168.222.66', '2020-08-19 09:49:54');
INSERT INTO `sys_loginfo` VALUES (470, '王五-ww', '192.168.222.66', '2020-08-19 09:51:50');
INSERT INTO `sys_loginfo` VALUES (471, '李四-ls', '192.168.222.66', '2020-08-19 09:52:22');
INSERT INTO `sys_loginfo` VALUES (472, '刘八-lb', '192.168.222.66', '2020-08-19 09:53:09');
INSERT INTO `sys_loginfo` VALUES (473, '超级管理员-system', '192.168.222.66', '2020-08-19 16:09:37');
INSERT INTO `sys_loginfo` VALUES (474, '刘八-lb', '192.168.222.66', '2020-08-19 16:13:08');
INSERT INTO `sys_loginfo` VALUES (475, '王五-ww', '192.168.222.66', '2020-08-19 16:14:13');
INSERT INTO `sys_loginfo` VALUES (476, '李四-ls', '192.168.222.66', '2020-08-19 16:14:58');
INSERT INTO `sys_loginfo` VALUES (477, '刘八-lb', '192.168.222.66', '2020-08-19 16:15:34');
INSERT INTO `sys_loginfo` VALUES (478, '超级管理员-system', '192.168.222.66', '2020-08-19 16:16:42');
INSERT INTO `sys_loginfo` VALUES (479, '超级管理员-system', '192.168.222.66', '2020-08-20 09:38:01');
INSERT INTO `sys_loginfo` VALUES (480, '超级管理员-system', '192.168.222.66', '2020-08-20 09:44:21');
INSERT INTO `sys_loginfo` VALUES (481, '超级管理员-system', '192.168.222.66', '2020-08-20 10:47:05');
INSERT INTO `sys_loginfo` VALUES (482, '超级管理员-system', '192.168.222.66', '2020-08-20 10:53:57');
INSERT INTO `sys_loginfo` VALUES (483, '超级管理员-system', '192.168.222.66', '2020-08-20 11:06:07');
INSERT INTO `sys_loginfo` VALUES (484, '李四-ls', '192.168.222.66', '2020-08-20 11:22:31');
INSERT INTO `sys_loginfo` VALUES (485, '超级管理员-system', '192.168.222.66', '2020-08-20 11:22:44');
INSERT INTO `sys_loginfo` VALUES (486, '超级管理员-system', '192.168.222.66', '2020-08-20 11:27:22');
INSERT INTO `sys_loginfo` VALUES (487, '超级管理员-system', '192.168.222.66', '2020-08-20 11:31:12');
INSERT INTO `sys_loginfo` VALUES (488, '超级管理员-system', '192.168.222.66', '2020-08-20 11:32:20');
INSERT INTO `sys_loginfo` VALUES (489, '超级管理员-system', '192.168.222.66', '2020-08-20 11:35:10');
INSERT INTO `sys_loginfo` VALUES (490, '超级管理员-system', '192.168.222.66', '2020-08-20 11:35:59');
INSERT INTO `sys_loginfo` VALUES (491, '超级管理员-system', '192.168.222.66', '2020-08-20 11:41:21');
INSERT INTO `sys_loginfo` VALUES (492, '超级管理员-system', '192.168.222.66', '2020-08-20 11:50:28');
INSERT INTO `sys_loginfo` VALUES (493, '超级管理员-system', '192.168.222.66', '2020-08-20 12:01:10');
INSERT INTO `sys_loginfo` VALUES (494, '超级管理员-system', '192.168.222.66', '2020-08-20 12:01:42');
INSERT INTO `sys_loginfo` VALUES (495, '超级管理员-system', '192.168.222.66', '2020-08-20 12:03:18');
INSERT INTO `sys_loginfo` VALUES (496, '超级管理员-system', '192.168.222.66', '2020-08-20 13:19:09');
INSERT INTO `sys_loginfo` VALUES (497, '刘八-lb', '192.168.222.66', '2020-08-20 13:29:16');
INSERT INTO `sys_loginfo` VALUES (498, '刘八-lb', '192.168.222.66', '2020-08-20 13:48:57');
INSERT INTO `sys_loginfo` VALUES (499, '刘大八-lb', '192.168.222.66', '2020-08-20 13:52:38');
INSERT INTO `sys_loginfo` VALUES (500, '王五-ww', '192.168.222.66', '2020-08-20 13:56:27');
INSERT INTO `sys_loginfo` VALUES (501, '王五-ww', '192.168.222.66', '2020-08-20 14:00:38');
INSERT INTO `sys_loginfo` VALUES (502, '李四-ls', '192.168.222.66', '2020-08-20 14:00:51');
INSERT INTO `sys_loginfo` VALUES (503, '刘大八-lb', '192.168.222.66', '2020-08-20 14:00:55');
INSERT INTO `sys_loginfo` VALUES (504, '刘大八-lb', '192.168.222.66', '2020-08-20 14:04:29');
INSERT INTO `sys_loginfo` VALUES (505, '刘大八-lb', '192.168.222.66', '2020-08-20 14:11:47');
INSERT INTO `sys_loginfo` VALUES (506, '刘大八-lb', '192.168.222.66', '2020-08-20 14:17:55');
INSERT INTO `sys_loginfo` VALUES (507, '刘大八-lb', '192.168.222.66', '2020-08-20 16:40:26');
INSERT INTO `sys_loginfo` VALUES (508, '超级管理员-system', '192.168.222.66', '2020-08-20 16:43:48');
INSERT INTO `sys_loginfo` VALUES (509, '刘大八1-lb', '192.168.222.66', '2020-08-20 16:43:58');
INSERT INTO `sys_loginfo` VALUES (510, '刘大八1-lb', '192.168.222.66', '2020-08-20 16:45:39');
INSERT INTO `sys_loginfo` VALUES (511, '超级管理员-system', '192.168.222.66', '2020-08-20 16:48:01');
INSERT INTO `sys_loginfo` VALUES (512, '刘大八12-lb', '192.168.222.66', '2020-08-20 16:48:09');
INSERT INTO `sys_loginfo` VALUES (513, '超级管理员-system', '192.168.222.66', '2020-08-20 16:51:32');
INSERT INTO `sys_loginfo` VALUES (514, '刘大八123-lb', '192.168.222.66', '2020-08-20 16:51:57');
INSERT INTO `sys_loginfo` VALUES (515, '超级管理员-system', '192.168.222.66', '2020-08-20 16:52:14');
INSERT INTO `sys_loginfo` VALUES (516, '刘大八-lb', '192.168.222.66', '2020-08-20 16:53:10');
INSERT INTO `sys_loginfo` VALUES (517, '超级管理员-system', '192.168.222.66', '2020-08-20 16:56:12');
INSERT INTO `sys_loginfo` VALUES (518, '超级管理员-system', '192.168.222.66', '2020-08-20 17:04:53');
INSERT INTO `sys_loginfo` VALUES (519, '孙七-sq', '192.168.222.66', '2020-08-20 17:05:34');
INSERT INTO `sys_loginfo` VALUES (520, '赵六-zl', '192.168.222.66', '2020-08-20 17:05:53');
INSERT INTO `sys_loginfo` VALUES (521, '刘大八-lb', '192.168.222.66', '2020-08-21 10:52:25');
INSERT INTO `sys_loginfo` VALUES (522, '习大大-xidada', '192.168.222.66', '2020-08-21 11:01:11');
INSERT INTO `sys_loginfo` VALUES (523, '超级管理员-system', '192.168.222.66', '2020-08-21 11:01:20');
INSERT INTO `sys_loginfo` VALUES (524, '超级管理员-system', '192.168.222.66', '2020-08-21 11:01:52');
INSERT INTO `sys_loginfo` VALUES (525, '史诗-shishi', '192.168.222.66', '2020-08-21 11:02:55');
INSERT INTO `sys_loginfo` VALUES (526, '超级管理员-system', '192.168.222.66', '2020-08-21 11:03:45');
INSERT INTO `sys_loginfo` VALUES (527, '史诗-shishi', '192.168.222.66', '2020-08-21 11:04:05');
INSERT INTO `sys_loginfo` VALUES (528, '超级管理员-system', '192.168.222.66', '2020-08-21 11:04:26');
INSERT INTO `sys_loginfo` VALUES (529, '超级管理员-system', '192.168.222.66', '2020-08-21 11:09:13');
INSERT INTO `sys_loginfo` VALUES (530, '超级管理员-system', '192.168.222.66', '2020-08-21 11:16:15');

-- ----------------------------
-- Table structure for sys_notice
-- ----------------------------
DROP TABLE IF EXISTS `sys_notice`;
CREATE TABLE `sys_notice`  (
  `id` int(11) NOT NULL AUTO_INCREMENT,
  `title` varchar(255) CHARACTER SET utf8 COLLATE utf8_general_ci DEFAULT NULL,
  `content` text CHARACTER SET utf8 COLLATE utf8_general_ci,
  `createtime` datetime(0) DEFAULT NULL,
  `opername` varchar(255) CHARACTER SET utf8 COLLATE utf8_general_ci DEFAULT NULL,
  PRIMARY KEY (`id`) USING BTREE
) ENGINE = InnoDB AUTO_INCREMENT = 25 CHARACTER SET = utf8 COLLATE = utf8_general_ci ROW_FORMAT = Dynamic;

-- ----------------------------
-- Records of sys_notice
-- ----------------------------
INSERT INTO `sys_notice` VALUES (10, '关于系统V1.2更新公告', '12312312<img src=\"/resources/layui/images/face/42.gif\" alt=\"[抓狂]\">', '2018-08-07 00:00:00', '超级管理员');
INSERT INTO `sys_notice` VALUES (11, '关于系统V1.1更新公告', '21321321321<img src=\"/resources/layui/images/face/18.gif\" alt=\"[右哼哼]\">', '2018-08-07 00:00:00', '超级管理员');
INSERT INTO `sys_notice` VALUES (19, '123', '<p>123</p>', '2020-08-01 09:54:52', '超级管理员');
INSERT INTO `sys_notice` VALUES (20, '312312', '<p>213<img src=\"/Path/noticeImg/20200801095500wbqjc.jpg\" style=\"max-width: 100%;\"></p>', '2020-08-01 09:55:01', '超级管理员');
INSERT INTO `sys_notice` VALUES (21, '123', '<p><img src=\"/Path/noticeImg/202008111115243d74w.jpg\" style=\"max-width:100%;\"><br></p>', '2020-08-01 09:55:28', '超级管理员');
INSERT INTO `sys_notice` VALUES (22, '《海燕》', '<p><span style=\"font-family: 宋体; font-size: small;\">在苍茫的大海上，狂风卷集着乌云。在乌云和大海之间，海燕像黑色的闪电，在高傲地飞翔。</span><br style=\"font-family: 宋体; font-size: small;\"><span style=\"font-family: 宋体; font-size: small;\">　　一会儿翅膀碰着波浪，一会儿箭一般地直冲向乌云，它叫喊着，——就在这鸟儿勇敢的叫喊声里，乌云听出了欢乐。</span><br style=\"font-family: 宋体; font-size: small;\"><span style=\"font-family: 宋体; font-size: small;\">　　在这叫喊声里——充满着对暴风雨的渴望！在这叫喊声里，乌云听出了愤怒的力量、热情的火焰和胜利的信心。</span><br style=\"font-family: 宋体; font-size: small;\"><span style=\"font-family: 宋体; font-size: small;\">　　海鸥在暴风雨来临之前呻吟着，——呻吟着，它们在大海上飞窜，想把自己对暴风雨的恐惧，掩藏到大海深处。</span><br style=\"font-family: 宋体; font-size: small;\"><span style=\"font-family: 宋体; font-size: small;\">　　海鸭也在呻吟着，——它们这些海鸭啊，享受不了生活的战斗的欢乐：轰隆隆的雷声就把它们吓坏了。</span><br style=\"font-family: 宋体; font-size: small;\"><span style=\"font-family: 宋体; font-size: small;\">　　蠢笨的企鹅，胆怯地把肥胖的身体躲藏在悬崖底下……只有那高傲的海燕，勇敢地，自由自在地，在泛起白沫的大海上飞翔！</span><br style=\"font-family: 宋体; font-size: small;\"><span style=\"font-family: 宋体; font-size: small;\">　　乌云越来越暗，越来越低，向海面直压下来，而波浪一边歌唱，一边冲向高空，去迎接那雷声。</span><br style=\"font-family: 宋体; font-size: small;\"><span style=\"font-family: 宋体; font-size: small;\">　　雷声轰响。波浪在愤怒的飞沫中呼叫，跟狂风争鸣。看吧，狂风紧紧抱起一层层巨浪。恶狠狠地把它们甩到悬崖上，把这些大块的翡翠摔成尘雾和碎末。</span><br style=\"font-family: 宋体; font-size: small;\"><span style=\"font-family: 宋体; font-size: small;\">　　海燕叫喊着，飞翔着，像黑色的闪电，箭 一般地穿过乌云，翅膀掠起波浪的飞沫。</span><br style=\"font-family: 宋体; font-size: small;\"><span style=\"font-family: 宋体; font-size: small;\">　　看吧，它飞舞着，像个精灵，——高傲的、黑色的暴风雨的精灵，——它在大笑，它又在号叫……它笑那些乌云，它因为欢乐而号叫！</span><br style=\"font-family: 宋体; font-size: small;\"><span style=\"font-family: 宋体; font-size: small;\">　　这个敏感的精灵，——它从雷声的震怒里，早就听出了困乏，它深信，乌云遮不住太阳，——是的，遮不住的！</span><br style=\"font-family: 宋体; font-size: small;\"><span style=\"font-family: 宋体; font-size: small;\">　　狂风吼叫……雷声轰响……</span><br style=\"font-family: 宋体; font-size: small;\"><span style=\"font-family: 宋体; font-size: small;\">　　一堆堆乌云，像青色的火焰，在无底的大海上燃烧。大海抓住闪电的箭光，把它们熄灭在自己的深渊里。这些闪电的影子，活像一条条火蛇，在大海里蜿蜒游动，一晃就消失了。</span><br style=\"font-family: 宋体; font-size: small;\"><span style=\"font-family: 宋体; font-size: small;\">　　——暴风雨！暴风雨就要来啦！</span><br style=\"font-family: 宋体; font-size: small;\"><span style=\"font-family: 宋体; font-size: small;\">　　这是勇敢的海燕，在怒吼的大海上，在闪电中间，高傲地飞翔；这是胜利的预言家在叫喊：</span><br style=\"font-family: 宋体; font-size: small;\"><span style=\"font-family: 宋体; font-size: small;\">　　——让暴风雨来得更猛烈些吧！</span>&nbsp;&nbsp;<br></p>', '2020-08-11 11:17:17', '超级管理员');
INSERT INTO `sys_notice` VALUES (23, '《致橡树》', '<table align=\"center\" border=\"0\" bordercolordark=\"#e6e6fa\" bordercolorlight=\"#e6e6fa\" cellpadding=\"1\" cellspacing=\"2\" style=\"margin-top: 0px; margin-bottom: 0px; font-family: Arial, Helvetica, sans-serif; border-width: 0px; border-style: initial; border-color: rgb(255, 255, 255); width: 558px; height: 1014px;\"><tbody><tr><td align=\"left\" valign=\"top\" style=\"padding: 0px; min-height: 16px;\">【<strong>原诗</strong>】</td><td align=\"left\" valign=\"top\" style=\"padding: 0px; min-height: 16px;\">【<strong>Johanna Yueh 修改版</strong>】</td></tr><tr><td align=\"left\" valign=\"top\" style=\"padding: 0px; min-height: 16px;\"><strong>致橡树</strong></td><td align=\"left\" valign=\"top\" style=\"padding: 0px; min-height: 16px;\"><strong>To the Oak Tree</strong></td></tr><tr><td align=\"left\" valign=\"top\" style=\"padding: 0px; min-height: 16px;\">作者：舒婷</td><td align=\"left\" valign=\"top\" style=\"padding: 0px; min-height: 16px;\"><em>By Shu Ting</em></td></tr><tr><td align=\"left\" valign=\"top\" style=\"padding: 0px; min-height: 16px;\">&nbsp;</td><td align=\"left\" valign=\"top\" style=\"padding: 0px; min-height: 16px;\">&nbsp;</td></tr><tr><td align=\"left\" valign=\"top\" style=\"padding: 0px; min-height: 16px;\">我如果爱你——</td><td align=\"left\" valign=\"top\" style=\"padding: 0px; min-height: 16px;\">If I love you --</td></tr><tr><td align=\"left\" valign=\"top\" style=\"padding: 0px; min-height: 16px;\">绝不像攀援的凌霄花</td><td align=\"left\" valign=\"top\" style=\"padding: 0px; min-height: 16px;\">I will never be a clinging trumpet creeper</td></tr><tr><td align=\"left\" valign=\"top\" style=\"padding: 0px; min-height: 16px;\">借你的高枝炫耀自己</td><td align=\"left\" valign=\"top\" style=\"padding: 0px; min-height: 16px;\">Using your high boughs to show off my height</td></tr><tr><td align=\"left\" valign=\"top\" style=\"padding: 0px; min-height: 16px;\">&nbsp;</td><td align=\"left\" valign=\"top\" style=\"padding: 0px; min-height: 16px;\">&nbsp;</td></tr><tr><td align=\"left\" valign=\"top\" style=\"padding: 0px; min-height: 16px;\">我如果爱你——</td><td align=\"left\" valign=\"top\" style=\"padding: 0px; min-height: 16px;\">If I love you --</td></tr><tr><td align=\"left\" valign=\"top\" style=\"padding: 0px; min-height: 16px;\">绝不学痴情的鸟儿</td><td align=\"left\" valign=\"top\" style=\"padding: 0px; min-height: 16px;\">I will never be a spoony bird</td></tr><tr><td align=\"left\" valign=\"top\" style=\"padding: 0px; min-height: 16px;\">为绿荫重复单调的歌曲</td><td align=\"left\" valign=\"top\" style=\"padding: 0px; min-height: 16px;\">Repeating a monotonous song for green shade</td></tr><tr><td align=\"left\" valign=\"top\" style=\"padding: 0px; min-height: 16px;\">&nbsp;</td><td align=\"left\" valign=\"top\" style=\"padding: 0px; min-height: 16px;\">&nbsp;</td></tr><tr><td align=\"left\" valign=\"top\" style=\"padding: 0px; min-height: 16px;\">也不止像泉源</td><td align=\"left\" valign=\"top\" style=\"padding: 0px; min-height: 16px;\">Or be a spring</td></tr><tr><td align=\"left\" valign=\"top\" style=\"padding: 0px; min-height: 16px;\">常年送来清凉的慰藉</td><td align=\"left\" valign=\"top\" style=\"padding: 0px; min-height: 16px;\">Bringing cool solace all year long</td></tr><tr><td align=\"left\" valign=\"top\" style=\"padding: 0px; min-height: 16px;\">也不止像险峰</td><td align=\"left\" valign=\"top\" style=\"padding: 0px; min-height: 16px;\">Or be a steep peak</td></tr><tr><td align=\"left\" valign=\"top\" style=\"padding: 0px; min-height: 16px;\">增加你的高度，衬托你的威仪</td><td align=\"left\" valign=\"top\" style=\"padding: 0px; min-height: 16px;\">Increasing your stature, reflecting your eminence</td></tr><tr><td align=\"left\" valign=\"top\" style=\"padding: 0px; min-height: 16px;\">甚至日光</td><td align=\"left\" valign=\"top\" style=\"padding: 0px; min-height: 16px;\">Even the sunlight</td></tr><tr><td align=\"left\" valign=\"top\" style=\"padding: 0px; min-height: 16px;\">甚至春雨</td><td align=\"left\" valign=\"top\" style=\"padding: 0px; min-height: 16px;\">Even the spring rain</td></tr><tr><td align=\"left\" valign=\"top\" style=\"padding: 0px; min-height: 16px;\">不，这些都还不够</td><td align=\"left\" valign=\"top\" style=\"padding: 0px; min-height: 16px;\">No, all these are not enough</td></tr><tr><td align=\"left\" valign=\"top\" style=\"padding: 0px; min-height: 16px;\">&nbsp;</td><td align=\"left\" valign=\"top\" style=\"padding: 0px; min-height: 16px;\">&nbsp;</td></tr><tr><td align=\"left\" valign=\"top\" style=\"padding: 0px; min-height: 16px;\">我必须是你近旁的一株木棉</td><td align=\"left\" valign=\"top\" style=\"padding: 0px; min-height: 16px;\">I must be a ceiba tree beside you</td></tr><tr><td align=\"left\" valign=\"top\" style=\"padding: 0px; min-height: 16px;\">作为树的形象和你站在一起</td><td align=\"left\" valign=\"top\" style=\"padding: 0px; min-height: 16px;\">Be the image of a tree standing together with you</td></tr><tr><td align=\"left\" valign=\"top\" style=\"padding: 0px; min-height: 16px;\">根，紧握在地下</td><td align=\"left\" valign=\"top\" style=\"padding: 0px; min-height: 16px;\">Our roots, entwined underground</td></tr><tr><td align=\"left\" valign=\"top\" style=\"padding: 0px; min-height: 16px;\">叶，相触在云里</td><td align=\"left\" valign=\"top\" style=\"padding: 0px; min-height: 16px;\">Our leaves, touching in the clouds</td></tr><tr><td align=\"left\" valign=\"top\" style=\"padding: 0px; min-height: 16px;\">每一阵风过</td><td align=\"left\" valign=\"top\" style=\"padding: 0px; min-height: 16px;\">With each gust of wind</td></tr><tr><td align=\"left\" valign=\"top\" style=\"padding: 0px; min-height: 16px;\">我们都互相致意</td><td align=\"left\" valign=\"top\" style=\"padding: 0px; min-height: 16px;\">We greet each other</td></tr><tr><td align=\"left\" valign=\"top\" style=\"padding: 0px; min-height: 16px;\">但没有人</td><td align=\"left\" valign=\"top\" style=\"padding: 0px; min-height: 16px;\">But nobody</td></tr><tr><td align=\"left\" valign=\"top\" style=\"padding: 0px; min-height: 16px;\">听懂我们的言语</td><td align=\"left\" valign=\"top\" style=\"padding: 0px; min-height: 16px;\">Can understand our words</td></tr><tr><td align=\"left\" valign=\"top\" style=\"padding: 0px; min-height: 16px;\">&nbsp;</td><td align=\"left\" valign=\"top\" style=\"padding: 0px; min-height: 16px;\">&nbsp;</td></tr><tr><td align=\"left\" valign=\"top\" style=\"padding: 0px; min-height: 16px;\">你有你的铜枝铁干</td><td align=\"left\" valign=\"top\" style=\"padding: 0px; min-height: 16px;\">You\'ll have your copper branches and iron trunk</td></tr><tr><td align=\"left\" valign=\"top\" style=\"padding: 0px; min-height: 16px;\">像刀、像剑，也像戟</td><td align=\"left\" valign=\"top\" style=\"padding: 0px; min-height: 16px;\">Like knives, like swords, like halberds, too</td></tr><tr><td align=\"left\" valign=\"top\" style=\"padding: 0px; min-height: 16px;\">我有我的红硕花朵</td><td align=\"left\" valign=\"top\" style=\"padding: 0px; min-height: 16px;\">I\'ll have my crimson flowers</td></tr><tr><td align=\"left\" valign=\"top\" style=\"padding: 0px; min-height: 16px;\">像沉重的叹息</td><td align=\"left\" valign=\"top\" style=\"padding: 0px; min-height: 16px;\">Like heavy sighs</td></tr><tr><td align=\"left\" valign=\"top\" style=\"padding: 0px; min-height: 16px;\">又像英勇的火炬</td><td align=\"left\" valign=\"top\" style=\"padding: 0px; min-height: 16px;\">And valiant torches</td></tr><tr><td align=\"left\" valign=\"top\" style=\"padding: 0px; min-height: 16px;\">我们分担寒潮、风雷、霹雳</td><td align=\"left\" valign=\"top\" style=\"padding: 0px; min-height: 16px;\">We\'ll share cold spells, storms and thunder</td></tr><tr><td align=\"left\" valign=\"top\" style=\"padding: 0px; min-height: 16px;\">我们共享雾霭、流岚、虹霓</td><td align=\"left\" valign=\"top\" style=\"padding: 0px; min-height: 16px;\">We\'ll share mists, hazes and rainbows</td></tr><tr><td align=\"left\" valign=\"top\" style=\"padding: 0px; min-height: 16px;\">仿佛永远分离</td><td align=\"left\" valign=\"top\" style=\"padding: 0px; min-height: 16px;\">Seemingly always apart</td></tr><tr><td align=\"left\" valign=\"top\" style=\"padding: 0px; min-height: 16px;\">却又终身相依</td><td align=\"left\" valign=\"top\" style=\"padding: 0px; min-height: 16px;\">But also forever interdependent</td></tr><tr><td align=\"left\" valign=\"top\" style=\"padding: 0px; min-height: 16px;\">&nbsp;</td><td align=\"left\" valign=\"top\" style=\"padding: 0px; min-height: 16px;\">&nbsp;</td></tr><tr><td align=\"left\" valign=\"top\" style=\"padding: 0px; min-height: 16px;\">这才是伟大的爱情</td><td align=\"left\" valign=\"top\" style=\"padding: 0px; min-height: 16px;\">Only this can be great love</td></tr><tr><td align=\"left\" valign=\"top\" style=\"padding: 0px; min-height: 16px;\">坚贞就在这里</td><td align=\"left\" valign=\"top\" style=\"padding: 0px; min-height: 16px;\">The loyalty is here</td></tr><tr><td align=\"left\" valign=\"top\" style=\"padding: 0px; min-height: 16px;\">爱——</td><td align=\"left\" valign=\"top\" style=\"padding: 0px; min-height: 16px;\">Love --</td></tr><tr><td align=\"left\" valign=\"top\" style=\"padding: 0px; min-height: 16px;\">不仅爱你伟岸的身躯</td><td align=\"left\" valign=\"top\" style=\"padding: 0px; min-height: 16px;\">I love not only your strapping stature</td></tr><tr><td align=\"left\" valign=\"top\" style=\"padding: 0px; min-height: 16px;\">也爱你坚持的位置，足下的土地</td><td align=\"left\" valign=\"top\" style=\"padding: 0px; min-height: 16px;\">But also your firm stand, the earth beneath you</td></tr></tbody></table>', '2020-08-11 11:24:58', '超级管理员');
INSERT INTO `sys_notice` VALUES (24, '343', '<p><img src=\"/Path/noticeImg/20200819165543f5svi.jpg\" style=\"max-width:100%;\"><br></p>', '2020-08-19 16:55:46', '超级管理员');

-- ----------------------------
-- Table structure for sys_permission
-- ----------------------------
DROP TABLE IF EXISTS `sys_permission`;
CREATE TABLE `sys_permission`  (
  `id` int(11) NOT NULL AUTO_INCREMENT,
  `pid` int(11) DEFAULT NULL,
  `type` varchar(255) CHARACTER SET utf8 COLLATE utf8_general_ci DEFAULT NULL COMMENT '权限类型[menu/permission]',
  `title` varchar(255) CHARACTER SET utf8 COLLATE utf8_general_ci DEFAULT NULL,
  `percode` varchar(255) CHARACTER SET utf8 COLLATE utf8_general_ci DEFAULT NULL COMMENT '权限编码[只有type= permission才有  user:view]',
  `icon` varchar(255) CHARACTER SET utf8 COLLATE utf8_general_ci DEFAULT NULL,
  `href` varchar(255) CHARACTER SET utf8 COLLATE utf8_general_ci DEFAULT NULL,
  `target` varchar(255) CHARACTER SET utf8 COLLATE utf8_general_ci DEFAULT NULL,
  `open` int(11) DEFAULT NULL,
  `ordernum` int(11) DEFAULT NULL,
  `available` int(11) DEFAULT NULL COMMENT '状态【0不可用1可用】',
  PRIMARY KEY (`id`) USING BTREE
) ENGINE = InnoDB AUTO_INCREMENT = 97 CHARACTER SET = utf8 COLLATE = utf8_general_ci ROW_FORMAT = Dynamic;

-- ----------------------------
-- Records of sys_permission
-- ----------------------------
INSERT INTO `sys_permission` VALUES (1, 0, 'menu', '管理系统', NULL, '&#xe68e;', '', '', 1, 1, 1);
INSERT INTO `sys_permission` VALUES (2, 1, 'menu', '基础管理', NULL, '&#xe857;', '', '', 0, 2, 1);
INSERT INTO `sys_permission` VALUES (3, 1, 'menu', '流程管理', NULL, '&#xe645;', '', '', 0, 3, 1);
INSERT INTO `sys_permission` VALUES (4, 1, 'menu', '审批管理', NULL, '&#xe611;', '', '', 0, 4, 1);
INSERT INTO `sys_permission` VALUES (5, 1, 'menu', '系统管理', NULL, '&#xe614;', '', '', 0, 5, 1);
INSERT INTO `sys_permission` VALUES (6, 1, 'menu', '其它管理', NULL, '&#xe628;', '', '', 0, 6, 1);
INSERT INTO `sys_permission` VALUES (7, 2, 'menu', '客户管理', NULL, '&#xe651;', '/bus/toCustomerManager', '', 0, 7, 1);
INSERT INTO `sys_permission` VALUES (8, 2, 'menu', '供应商管理', NULL, '&#xe658;', '/bus/toProviderManager', '', 0, 8, 1);
INSERT INTO `sys_permission` VALUES (9, 2, 'menu', '商品管理', NULL, '&#xe657;', '/bus/toGoodsManager', '', 0, 9, 1);
INSERT INTO `sys_permission` VALUES (10, 3, 'menu', '流程管理', NULL, '&#xe756;', '/sys/toWorkFlowManager', '', 0, 10, 1);
INSERT INTO `sys_permission` VALUES (12, 4, 'menu', '请假单管理', NULL, '&#xe65b;', '/sys/toLeaveBillManager', '', 0, 12, 1);
INSERT INTO `sys_permission` VALUES (13, 4, 'menu', '我的待办任务', NULL, '&#xe770;', '/sys/toTaskManager', '', 0, 13, 1);
INSERT INTO `sys_permission` VALUES (14, 5, 'menu', '部门管理', NULL, '&#xe770;', '/sys/toDeptManager', '', 0, 14, 1);
INSERT INTO `sys_permission` VALUES (15, 5, 'menu', '菜单管理', NULL, '&#xe857;', '/sys/toMenuManager', '', 0, 15, 1);
INSERT INTO `sys_permission` VALUES (16, 5, 'menu', '权限管理', '', '&#xe857;', '/sys/toPermissionManager', '', 0, 16, 1);
INSERT INTO `sys_permission` VALUES (17, 5, 'menu', '角色管理', '', '&#xe650;', '/sys/toRoleManager', '', 0, 17, 1);
INSERT INTO `sys_permission` VALUES (18, 5, 'menu', '用户管理', '', '&#xe612;', '/sys/toUserManager', '', 0, 18, 1);
INSERT INTO `sys_permission` VALUES (21, 6, 'menu', '登陆日志', NULL, '&#xe675;', '/sys/toLoginfoManager', '', 0, 21, 1);
INSERT INTO `sys_permission` VALUES (22, 6, 'menu', '系统公告', NULL, '&#xe756;', '/sys/toNoticeManager', NULL, 0, 22, 1);
INSERT INTO `sys_permission` VALUES (23, 6, 'menu', '图标管理', NULL, '&#xe670;', '../resources/page/icon.html', NULL, 0, 23, 1);
INSERT INTO `sys_permission` VALUES (30, 14, 'permission', '添加部门', 'dept:create', '', NULL, NULL, 0, 24, 1);
INSERT INTO `sys_permission` VALUES (31, 14, 'permission', '修改部门', 'dept:update', '', NULL, NULL, 0, 26, 1);
INSERT INTO `sys_permission` VALUES (32, 14, 'permission', '删除部门', 'dept:delete', '', NULL, NULL, 0, 27, 1);
INSERT INTO `sys_permission` VALUES (34, 15, 'permission', '添加菜单', 'menu:create', '', '', '', 0, 29, 1);
INSERT INTO `sys_permission` VALUES (35, 15, 'permission', '修改菜单', 'menu:update', '', NULL, NULL, 0, 30, 1);
INSERT INTO `sys_permission` VALUES (36, 15, 'permission', '删除菜单', 'menu:delete', '', NULL, NULL, 0, 31, 1);
INSERT INTO `sys_permission` VALUES (38, 16, 'permission', '添加权限', 'permission:create', '', NULL, NULL, 0, 33, 1);
INSERT INTO `sys_permission` VALUES (39, 16, 'permission', '修改权限', 'permission:update', '', NULL, NULL, 0, 34, 1);
INSERT INTO `sys_permission` VALUES (40, 16, 'permission', '删除权限', 'permission:delete', '', NULL, NULL, 0, 35, 1);
INSERT INTO `sys_permission` VALUES (42, 17, 'permission', '添加角色', 'role:create', '', NULL, NULL, 0, 37, 1);
INSERT INTO `sys_permission` VALUES (43, 17, 'permission', '修改角色', 'role:update', '', NULL, NULL, 0, 38, 1);
INSERT INTO `sys_permission` VALUES (44, 17, 'permission', '角色删除', 'role:delete', '', NULL, NULL, 0, 39, 1);
INSERT INTO `sys_permission` VALUES (46, 17, 'permission', '分配权限', 'role:selectPermission', '', NULL, NULL, 0, 41, 1);
INSERT INTO `sys_permission` VALUES (47, 18, 'permission', '添加用户', 'user:create', '', NULL, NULL, 0, 42, 1);
INSERT INTO `sys_permission` VALUES (48, 18, 'permission', '修改用户', 'user:update', '', NULL, NULL, 0, 43, 1);
INSERT INTO `sys_permission` VALUES (49, 18, 'permission', '删除用户', 'user:delete', '', NULL, NULL, 0, 44, 1);
INSERT INTO `sys_permission` VALUES (51, 18, 'permission', '用户分配角色', 'user:selectRole', '', NULL, NULL, 0, 46, 1);
INSERT INTO `sys_permission` VALUES (52, 18, 'permission', '重置密码', 'user:resetPwd', NULL, NULL, NULL, 0, 47, 1);
INSERT INTO `sys_permission` VALUES (53, 14, 'permission', '部门查询', 'dept:view', NULL, NULL, NULL, 0, 48, 1);
INSERT INTO `sys_permission` VALUES (54, 15, 'permission', '菜单查询', 'menu:view', NULL, NULL, NULL, 0, 49, 1);
INSERT INTO `sys_permission` VALUES (55, 16, 'permission', '权限查询', 'permission:view', NULL, NULL, NULL, 0, 50, 1);
INSERT INTO `sys_permission` VALUES (56, 17, 'permission', '角色查询', 'role:view', NULL, NULL, NULL, 0, 51, 1);
INSERT INTO `sys_permission` VALUES (57, 18, 'permission', '用户查询', 'user:view', NULL, NULL, NULL, 0, 52, 1);
INSERT INTO `sys_permission` VALUES (68, 7, 'permission', '客户查询', 'customer:view', NULL, NULL, NULL, NULL, 60, 1);
INSERT INTO `sys_permission` VALUES (69, 7, 'permission', '客户添加', 'customer:create', NULL, NULL, NULL, NULL, 61, 1);
INSERT INTO `sys_permission` VALUES (70, 7, 'permission', '客户修改', 'customer:update', NULL, NULL, NULL, NULL, 62, 1);
INSERT INTO `sys_permission` VALUES (71, 7, 'permission', '客户删除', 'customer:delete', NULL, NULL, NULL, NULL, 63, 1);
INSERT INTO `sys_permission` VALUES (73, 21, 'permission', '日志查询', 'info:view', NULL, NULL, NULL, NULL, 65, 1);
INSERT INTO `sys_permission` VALUES (74, 21, 'permission', '日志删除', 'info:delete', NULL, NULL, NULL, NULL, 66, 1);
INSERT INTO `sys_permission` VALUES (75, 21, 'permission', '日志批量删除', 'info:batchdelete', NULL, NULL, NULL, NULL, 67, 1);
INSERT INTO `sys_permission` VALUES (76, 22, 'permission', '公告查询', 'notice:view', NULL, NULL, NULL, NULL, 68, 1);
INSERT INTO `sys_permission` VALUES (77, 22, 'permission', '公告添加', 'notice:create', NULL, NULL, NULL, NULL, 69, 1);
INSERT INTO `sys_permission` VALUES (78, 22, 'permission', '公告修改', 'notice:update', NULL, NULL, NULL, NULL, 70, 1);
INSERT INTO `sys_permission` VALUES (79, 22, 'permission', '公告删除', 'notice:delete', NULL, NULL, NULL, NULL, 71, 1);
INSERT INTO `sys_permission` VALUES (81, 8, 'permission', '供应商查询', 'provider:view', NULL, NULL, NULL, NULL, 73, 1);
INSERT INTO `sys_permission` VALUES (82, 8, 'permission', '供应商添加', 'provider:create', NULL, NULL, NULL, NULL, 74, 1);
INSERT INTO `sys_permission` VALUES (83, 8, 'permission', '供应商修改', 'provider:update', NULL, NULL, NULL, NULL, 75, 1);
INSERT INTO `sys_permission` VALUES (84, 8, 'permission', '供应商删除', 'provider:delete', NULL, NULL, NULL, NULL, 76, 1);
INSERT INTO `sys_permission` VALUES (86, 22, 'permission', '公告查看', 'notice:viewnotice', NULL, NULL, NULL, NULL, 78, 1);
INSERT INTO `sys_permission` VALUES (91, 9, 'permission', '商品查询', 'goods:view', NULL, NULL, NULL, 0, 79, 1);
INSERT INTO `sys_permission` VALUES (92, 9, 'permission', '商品添加', 'goods:create', NULL, NULL, NULL, 0, 80, 1);
INSERT INTO `sys_permission` VALUES (95, 5, 'menu', '缓存管理', NULL, '&#xe681;', '/sys/toCacheManager', '', 1, 82, 1);
INSERT INTO `sys_permission` VALUES (96, 4, 'menu', '我的审批记录', NULL, '&#xe691;', '/sys/toTaskRecordManager', '', 1, 83, 1);

-- ----------------------------
-- Table structure for sys_role
-- ----------------------------
DROP TABLE IF EXISTS `sys_role`;
CREATE TABLE `sys_role`  (
  `id` int(11) NOT NULL AUTO_INCREMENT,
  `name` varchar(255) CHARACTER SET utf8 COLLATE utf8_general_ci DEFAULT NULL,
  `remark` varchar(255) CHARACTER SET utf8 COLLATE utf8_general_ci DEFAULT NULL,
  `available` int(11) DEFAULT NULL,
  `createtime` datetime(0) DEFAULT NULL,
  PRIMARY KEY (`id`) USING BTREE
) ENGINE = InnoDB AUTO_INCREMENT = 9 CHARACTER SET = utf8 COLLATE = utf8_general_ci ROW_FORMAT = Dynamic;

-- ----------------------------
-- Records of sys_role
-- ----------------------------
INSERT INTO `sys_role` VALUES (1, '超级管理员', '拥有所有菜单权限', 1, '2019-04-10 14:06:32');
INSERT INTO `sys_role` VALUES (4, '基础数据管理员', '基础数据管理员', 1, '2019-04-10 14:06:32');
INSERT INTO `sys_role` VALUES (5, '仓库管理员', '仓库管理员', 1, '2019-04-10 14:06:32');
INSERT INTO `sys_role` VALUES (6, '销售管理员', '销售管理员', 1, '2019-04-10 14:06:32');
INSERT INTO `sys_role` VALUES (7, '系统管理员', '系统管理员', 1, '2019-04-10 14:06:32');
INSERT INTO `sys_role` VALUES (8, '11', '22', 1, '2020-07-24 14:39:02');

-- ----------------------------
-- Table structure for sys_role_permission
-- ----------------------------
DROP TABLE IF EXISTS `sys_role_permission`;
CREATE TABLE `sys_role_permission`  (
  `rid` int(11) NOT NULL,
  `pid` int(11) NOT NULL,
  PRIMARY KEY (`pid`, `rid`) USING BTREE,
  INDEX `FK_tcsr9ucxypb3ce1q5qngsfk33`(`rid`) USING BTREE,
  CONSTRAINT `sys_role_permission_ibfk_1` FOREIGN KEY (`pid`) REFERENCES `sys_permission` (`id`) ON DELETE CASCADE ON UPDATE RESTRICT,
  CONSTRAINT `sys_role_permission_ibfk_2` FOREIGN KEY (`rid`) REFERENCES `sys_role` (`id`) ON DELETE CASCADE ON UPDATE RESTRICT
) ENGINE = InnoDB CHARACTER SET = utf8 COLLATE = utf8_general_ci ROW_FORMAT = Dynamic;

-- ----------------------------
-- Records of sys_role_permission
-- ----------------------------
INSERT INTO `sys_role_permission` VALUES (1, 1);
INSERT INTO `sys_role_permission` VALUES (1, 2);
INSERT INTO `sys_role_permission` VALUES (1, 3);
INSERT INTO `sys_role_permission` VALUES (1, 4);
INSERT INTO `sys_role_permission` VALUES (1, 5);
INSERT INTO `sys_role_permission` VALUES (1, 6);
INSERT INTO `sys_role_permission` VALUES (1, 7);
INSERT INTO `sys_role_permission` VALUES (1, 8);
INSERT INTO `sys_role_permission` VALUES (1, 9);
INSERT INTO `sys_role_permission` VALUES (1, 10);
INSERT INTO `sys_role_permission` VALUES (1, 12);
INSERT INTO `sys_role_permission` VALUES (1, 13);
INSERT INTO `sys_role_permission` VALUES (1, 14);
INSERT INTO `sys_role_permission` VALUES (1, 15);
INSERT INTO `sys_role_permission` VALUES (1, 16);
INSERT INTO `sys_role_permission` VALUES (1, 17);
INSERT INTO `sys_role_permission` VALUES (1, 18);
INSERT INTO `sys_role_permission` VALUES (1, 21);
INSERT INTO `sys_role_permission` VALUES (1, 22);
INSERT INTO `sys_role_permission` VALUES (1, 23);
INSERT INTO `sys_role_permission` VALUES (1, 30);
INSERT INTO `sys_role_permission` VALUES (1, 31);
INSERT INTO `sys_role_permission` VALUES (1, 32);
INSERT INTO `sys_role_permission` VALUES (1, 34);
INSERT INTO `sys_role_permission` VALUES (1, 35);
INSERT INTO `sys_role_permission` VALUES (1, 36);
INSERT INTO `sys_role_permission` VALUES (1, 38);
INSERT INTO `sys_role_permission` VALUES (1, 39);
INSERT INTO `sys_role_permission` VALUES (1, 40);
INSERT INTO `sys_role_permission` VALUES (1, 42);
INSERT INTO `sys_role_permission` VALUES (1, 43);
INSERT INTO `sys_role_permission` VALUES (1, 44);
INSERT INTO `sys_role_permission` VALUES (1, 46);
INSERT INTO `sys_role_permission` VALUES (1, 47);
INSERT INTO `sys_role_permission` VALUES (1, 48);
INSERT INTO `sys_role_permission` VALUES (1, 49);
INSERT INTO `sys_role_permission` VALUES (1, 51);
INSERT INTO `sys_role_permission` VALUES (1, 52);
INSERT INTO `sys_role_permission` VALUES (1, 53);
INSERT INTO `sys_role_permission` VALUES (1, 54);
INSERT INTO `sys_role_permission` VALUES (1, 55);
INSERT INTO `sys_role_permission` VALUES (1, 56);
INSERT INTO `sys_role_permission` VALUES (1, 57);
INSERT INTO `sys_role_permission` VALUES (1, 68);
INSERT INTO `sys_role_permission` VALUES (1, 69);
INSERT INTO `sys_role_permission` VALUES (1, 70);
INSERT INTO `sys_role_permission` VALUES (1, 71);
INSERT INTO `sys_role_permission` VALUES (1, 73);
INSERT INTO `sys_role_permission` VALUES (1, 74);
INSERT INTO `sys_role_permission` VALUES (1, 75);
INSERT INTO `sys_role_permission` VALUES (1, 76);
INSERT INTO `sys_role_permission` VALUES (1, 77);
INSERT INTO `sys_role_permission` VALUES (1, 78);
INSERT INTO `sys_role_permission` VALUES (1, 79);
INSERT INTO `sys_role_permission` VALUES (1, 81);
INSERT INTO `sys_role_permission` VALUES (1, 82);
INSERT INTO `sys_role_permission` VALUES (1, 83);
INSERT INTO `sys_role_permission` VALUES (1, 84);
INSERT INTO `sys_role_permission` VALUES (1, 86);
INSERT INTO `sys_role_permission` VALUES (1, 91);
INSERT INTO `sys_role_permission` VALUES (1, 92);
INSERT INTO `sys_role_permission` VALUES (4, 1);
INSERT INTO `sys_role_permission` VALUES (4, 2);
INSERT INTO `sys_role_permission` VALUES (4, 7);
INSERT INTO `sys_role_permission` VALUES (4, 8);
INSERT INTO `sys_role_permission` VALUES (4, 9);
INSERT INTO `sys_role_permission` VALUES (4, 68);
INSERT INTO `sys_role_permission` VALUES (4, 69);
INSERT INTO `sys_role_permission` VALUES (4, 70);
INSERT INTO `sys_role_permission` VALUES (4, 71);
INSERT INTO `sys_role_permission` VALUES (4, 81);
INSERT INTO `sys_role_permission` VALUES (4, 82);
INSERT INTO `sys_role_permission` VALUES (4, 83);
INSERT INTO `sys_role_permission` VALUES (4, 84);
INSERT INTO `sys_role_permission` VALUES (4, 91);
INSERT INTO `sys_role_permission` VALUES (4, 92);
INSERT INTO `sys_role_permission` VALUES (5, 1);
INSERT INTO `sys_role_permission` VALUES (5, 3);
INSERT INTO `sys_role_permission` VALUES (5, 4);
INSERT INTO `sys_role_permission` VALUES (5, 10);
INSERT INTO `sys_role_permission` VALUES (5, 12);
INSERT INTO `sys_role_permission` VALUES (5, 13);
INSERT INTO `sys_role_permission` VALUES (6, 1);
INSERT INTO `sys_role_permission` VALUES (6, 4);
INSERT INTO `sys_role_permission` VALUES (6, 12);
INSERT INTO `sys_role_permission` VALUES (6, 13);
INSERT INTO `sys_role_permission` VALUES (7, 1);
INSERT INTO `sys_role_permission` VALUES (7, 5);
INSERT INTO `sys_role_permission` VALUES (7, 6);
INSERT INTO `sys_role_permission` VALUES (7, 14);
INSERT INTO `sys_role_permission` VALUES (7, 15);
INSERT INTO `sys_role_permission` VALUES (7, 16);
INSERT INTO `sys_role_permission` VALUES (7, 17);
INSERT INTO `sys_role_permission` VALUES (7, 18);
INSERT INTO `sys_role_permission` VALUES (7, 21);
INSERT INTO `sys_role_permission` VALUES (7, 22);
INSERT INTO `sys_role_permission` VALUES (7, 23);
INSERT INTO `sys_role_permission` VALUES (7, 30);
INSERT INTO `sys_role_permission` VALUES (7, 31);
INSERT INTO `sys_role_permission` VALUES (7, 34);
INSERT INTO `sys_role_permission` VALUES (7, 35);
INSERT INTO `sys_role_permission` VALUES (7, 36);
INSERT INTO `sys_role_permission` VALUES (7, 38);
INSERT INTO `sys_role_permission` VALUES (7, 39);
INSERT INTO `sys_role_permission` VALUES (7, 40);
INSERT INTO `sys_role_permission` VALUES (7, 42);
INSERT INTO `sys_role_permission` VALUES (7, 43);
INSERT INTO `sys_role_permission` VALUES (7, 44);
INSERT INTO `sys_role_permission` VALUES (7, 46);
INSERT INTO `sys_role_permission` VALUES (7, 47);
INSERT INTO `sys_role_permission` VALUES (7, 48);
INSERT INTO `sys_role_permission` VALUES (7, 49);
INSERT INTO `sys_role_permission` VALUES (7, 51);
INSERT INTO `sys_role_permission` VALUES (7, 52);
INSERT INTO `sys_role_permission` VALUES (7, 53);
INSERT INTO `sys_role_permission` VALUES (7, 54);
INSERT INTO `sys_role_permission` VALUES (7, 55);
INSERT INTO `sys_role_permission` VALUES (7, 56);
INSERT INTO `sys_role_permission` VALUES (7, 57);
INSERT INTO `sys_role_permission` VALUES (7, 73);
INSERT INTO `sys_role_permission` VALUES (7, 74);
INSERT INTO `sys_role_permission` VALUES (7, 75);
INSERT INTO `sys_role_permission` VALUES (7, 76);
INSERT INTO `sys_role_permission` VALUES (7, 77);
INSERT INTO `sys_role_permission` VALUES (7, 78);
INSERT INTO `sys_role_permission` VALUES (7, 79);
INSERT INTO `sys_role_permission` VALUES (7, 86);
INSERT INTO `sys_role_permission` VALUES (8, 1);
INSERT INTO `sys_role_permission` VALUES (8, 4);
INSERT INTO `sys_role_permission` VALUES (8, 5);
INSERT INTO `sys_role_permission` VALUES (8, 12);
INSERT INTO `sys_role_permission` VALUES (8, 13);
INSERT INTO `sys_role_permission` VALUES (8, 14);
INSERT INTO `sys_role_permission` VALUES (8, 31);
INSERT INTO `sys_role_permission` VALUES (8, 32);
INSERT INTO `sys_role_permission` VALUES (8, 96);

-- ----------------------------
-- Table structure for sys_role_user
-- ----------------------------
DROP TABLE IF EXISTS `sys_role_user`;
CREATE TABLE `sys_role_user`  (
  `rid` int(11) NOT NULL,
  `uid` int(11) NOT NULL,
  PRIMARY KEY (`uid`, `rid`) USING BTREE,
  INDEX `FK_203gdpkwgtow7nxlo2oap5jru`(`rid`) USING BTREE,
  CONSTRAINT `sys_role_user_ibfk_1` FOREIGN KEY (`rid`) REFERENCES `sys_role` (`id`) ON DELETE RESTRICT ON UPDATE RESTRICT,
  CONSTRAINT `sys_role_user_ibfk_2` FOREIGN KEY (`uid`) REFERENCES `sys_user` (`id`) ON DELETE RESTRICT ON UPDATE RESTRICT
) ENGINE = InnoDB CHARACTER SET = utf8 COLLATE = utf8_general_ci ROW_FORMAT = Dynamic;

-- ----------------------------
-- Records of sys_role_user
-- ----------------------------
INSERT INTO `sys_role_user` VALUES (1, 2);
INSERT INTO `sys_role_user` VALUES (4, 3);
INSERT INTO `sys_role_user` VALUES (5, 4);
INSERT INTO `sys_role_user` VALUES (6, 5);
INSERT INTO `sys_role_user` VALUES (6, 8);
INSERT INTO `sys_role_user` VALUES (7, 8);
INSERT INTO `sys_role_user` VALUES (8, 3);
INSERT INTO `sys_role_user` VALUES (8, 6);

-- ----------------------------
-- Table structure for sys_user
-- ----------------------------
DROP TABLE IF EXISTS `sys_user`;
CREATE TABLE `sys_user`  (
  `id` int(11) NOT NULL AUTO_INCREMENT,
  `name` varchar(255) CHARACTER SET utf8 COLLATE utf8_general_ci DEFAULT NULL,
  `loginname` varchar(255) CHARACTER SET utf8 COLLATE utf8_general_ci DEFAULT NULL,
  `address` varchar(255) CHARACTER SET utf8 COLLATE utf8_general_ci DEFAULT NULL,
  `sex` int(11) DEFAULT NULL,
  `remark` varchar(255) CHARACTER SET utf8 COLLATE utf8_general_ci DEFAULT NULL,
  `pwd` varchar(255) CHARACTER SET utf8 COLLATE utf8_general_ci DEFAULT NULL,
  `deptid` int(11) DEFAULT NULL,
  `hiredate` datetime(0) DEFAULT NULL,
  `mgr` int(11) DEFAULT NULL,
  `available` int(11) DEFAULT 1,
  `ordernum` int(11) DEFAULT NULL,
  `type` int(255) DEFAULT NULL COMMENT '用户类型[0超级管理员1，管理员，2普通用户]',
  `imgpath` varchar(255) CHARACTER SET utf8 COLLATE utf8_general_ci DEFAULT NULL COMMENT '头像地址',
  `salt` varchar(255) CHARACTER SET utf8 COLLATE utf8_general_ci DEFAULT NULL,
  PRIMARY KEY (`id`) USING BTREE,
  INDEX `FK_3rrcpvho2w1mx1sfiuuyir1h`(`deptid`) USING BTREE,
  CONSTRAINT `sys_user_ibfk_1` FOREIGN KEY (`deptid`) REFERENCES `sys_dept` (`id`) ON DELETE RESTRICT ON UPDATE RESTRICT
) ENGINE = InnoDB AUTO_INCREMENT = 11 CHARACTER SET = utf8 COLLATE = utf8_general_ci ROW_FORMAT = Dynamic;

-- ----------------------------
-- Records of sys_user
-- ----------------------------
INSERT INTO `sys_user` VALUES (1, '超级管理员', 'system', '系统深处的男人', 1, '超级管理员', '532ac00e86893901af5f0be6b704dbc7', 1, '2018-06-25 11:06:34', NULL, 1, 1, 0, 'images/defaultimg.jpg', '04A93C74C8294AA09A8B974FD1F4ECBB');
INSERT INTO `sys_user` VALUES (2, '李四', 'ls', '武汉', 0, 'KING', 'b07b848d69e0553b80e601d31571797e', 1, '2018-06-25 11:06:36', NULL, 1, 2, 1, 'images/defaultimg.jpg', 'FC1EE06AE4354D3FBF7FDD15C8FCDA71');
INSERT INTO `sys_user` VALUES (3, '王五', 'ww', '武汉', 0, '管理', '3c3f971eae61e097f59d52360323f1c8', 3, '2018-06-25 11:06:38', 4, 1, 3, 1, 'images/defaultimg.jpg', '3D5F956E053C4E85B7D2681386E235D2');
INSERT INTO `sys_user` VALUES (4, '赵六', 'zl', '武汉', 1, '程序员', '2e969742a7ea0c7376e9551d578e05dd', 4, '2018-06-25 11:06:40', 3, 1, 4, 1, 'images/defaultimg.jpg', '6480EE1391E34B0886ACADA501E31145');
INSERT INTO `sys_user` VALUES (5, '孙七', 'sq', '武汉', 1, '程序员', '47b4c1ad6e4b54dd9387a09cb5a03de1', 2, '2018-06-25 11:06:43', 4, 1, 5, 1, 'images/defaultimg.jpg', 'FE3476C3E3674E5690C737C269FCBF8E');
INSERT INTO `sys_user` VALUES (6, '刘大八', 'lb', '深圳2', 0, '程序员2', 'bcee2b05b4b591106829aec69a094806', 4, '2018-08-06 11:21:12', 3, 1, 6, 1, 'images/defaultimg.jpg', 'E6CCF54A09894D998225878BBD139B20');
INSERT INTO `sys_user` VALUES (8, '习大大', 'xidada', '北京', 1, '北京', '83c6312d3124527c06f9f32c9f0f4122', 7, '2019-09-25 08:47:38', NULL, 1, 7, 1, 'images/defaultimg.jpg', '9A77217BD788418683C5D69CDC85B4AA');
INSERT INTO `sys_user` VALUES (9, NULL, NULL, NULL, NULL, NULL, NULL, NULL, NULL, NULL, 1, NULL, NULL, NULL, NULL);
INSERT INTO `sys_user` VALUES (10, '史诗', 'shishi', '12', 0, '12', '5b0c002c6391065f15fd179b6ce0a604', 4, '2020-08-21 11:02:49', 3, 0, 8, 1, 'images/defaultimg.jpg', 'D43C25A4F73F46CBA55FDC51B3E473A1');

SET FOREIGN_KEY_CHECKS = 1;
